Store,Year,Month,Date,Day Part,Table Type,Net Sales,# Trans,Avg / Trans,# Guests,Avg / Guest,# Tables,Avg / Table,# Guest / Trans,# Guest / Table
UW Dining,2022,2,1,07:30 - 07:44,Cashier,10.7,2,5.35,2,5.35,2,5.35,1,1
,,,,07:45 - 07:59,Cashier,6.7,2,3.35,2,3.35,2,3.35,1,1
,,,,08:00 - 08:14,Cashier,7.45,1,7.45,1,7.45,1,7.45,1,1
,,,,08:15 - 08:29,Cashier,31.14,7,4.45,7,4.45,7,4.45,1,1
,,,,08:30 - 08:44,Cashier,9.25,2,4.63,2,4.63,2,4.63,1,1
,,,,08:45 - 08:59,Cashier,12.95,3,4.32,3,4.32,3,4.32,1,1
,,,,09:00 - 09:14,Cashier,18.3,4,4.58,4,4.58,4,4.58,1,1
,,,,09:15 - 09:29,Cashier,33.33,5,6.67,5,6.67,5,6.67,1,1
,,,,09:30 - 09:44,Cashier,49.33,6,8.22,6,8.22,6,8.22,1,1
,,,,09:45 - 09:59,Cashier,18.95,4,4.74,4,4.74,4,4.74,1,1
,,,,10:00 - 10:14,Cashier,25.38,5,5.08,5,5.08,5,5.08,1,1
,,,,10:15 - 10:29,Cashier,38.13,6,6.36,6,6.36,6,6.36,1,1
,,,,10:30 - 10:44,Cashier,72.03,10,7.2,10,7.2,10,7.2,1,1
,,,,10:45 - 10:59,Cashier,17.65,5,3.53,4,4.41,5,3.53,0.8,0.8
,,,,11:00 - 11:14,Cashier,15.95,5,3.19,5,3.19,5,3.19,1,1
,,,,11:15 - 11:29,Cashier,36.49,7,5.21,7,5.21,7,5.21,1,1
,,,,11:30 - 11:44,Cashier,104.64,14,7.47,14,7.47,14,7.47,1,1
,,,,11:45 - 11:59,Cashier,72.86,10,7.29,10,7.29,10,7.29,1,1
,,,,12:00 - 12:14,Cashier,48.04,8,6,8,6,8,6,1,1
,,,,12:15 - 12:29,Cashier,62.86,9,6.98,9,6.98,9,6.98,1,1
,,,,12:30 - 12:44,Cashier,71.45,8,8.93,8,8.93,8,8.93,1,1
,,,,12:45 - 12:59,Cashier,56.56,9,6.28,9,6.28,9,6.28,1,1
,,,,13:00 - 13:14,Cashier,38.57,7,5.51,7,5.51,7,5.51,1,1
,,,,13:15 - 13:29,Cashier,55.78,10,5.58,10,5.58,10,5.58,1,1
,,,,13:30 - 13:44,Cashier,81.49,9,9.05,9,9.05,9,9.05,1,1
,,,,13:45 - 13:59,Cashier,11.45,2,5.72,2,5.72,2,5.72,1,1
,,,,14:00 - 14:14,Cashier,18.14,4,4.54,4,4.54,4,4.54,1,1
,,,,14:15 - 14:29,Cashier,29.98,5,6,5,6,5,6,1,1
,,,,14:30 - 14:44,Cashier,14.45,4,3.61,4,3.61,4,3.61,1,1
,,,,14:45 - 14:59,Cashier,29.64,4,7.41,4,7.41,4,7.41,1,1
,,,,15:00 - 15:14,Cashier,18.44,4,4.61,4,4.61,4,4.61,1,1
,,,,15:15 - 15:29,Cashier,36.19,7,5.17,7,5.17,7,5.17,1,1
,,,1,---,---,1154.27,188,6.14,187,6.17,188,6.14,0.99,0.99
,,,2,07:45 - 07:59,Cashier,8.54,1,8.54,1,8.54,1,8.54,1,1
,,,,08:15 - 08:29,Cashier,25.5,3,8.5,3,8.5,3,8.5,1,1
,,,,08:30 - 08:44,Cashier,9.29,2,4.64,2,4.64,2,4.64,1,1
,,,,08:45 - 08:59,Cashier,3.25,1,3.25,1,3.25,1,3.25,1,1
,,,,09:00 - 09:14,Cashier,15.04,3,5.01,3,5.01,3,5.01,1,1
,,,,09:15 - 09:29,Cashier,22.75,4,5.69,4,5.69,4,5.69,1,1
,,,,09:30 - 09:44,Cashier,7.45,1,7.45,1,7.45,1,7.45,1,1
,,,,09:45 - 09:59,Cashier,20.24,5,4.05,5,4.05,5,4.05,1,1
,,,,10:00 - 10:14,Cashier,34.92,6,5.82,6,5.82,6,5.82,1,1
,,,,10:15 - 10:29,Cashier,51.89,9,5.77,9,5.77,9,5.77,1,1
,,,,10:30 - 10:44,Cashier,81.3,13,6.25,13,6.25,13,6.25,1,1
,,,,10:45 - 10:59,Cashier,32.29,6,5.38,6,5.38,6,5.38,1,1
,,,,11:00 - 11:14,Cashier,44.33,7,6.33,7,6.33,7,6.33,1,1
,,,,11:15 - 11:29,Cashier,36.34,6,6.06,6,6.06,6,6.06,1,1
,,,,11:30 - 11:44,Cashier,59.19,6,9.87,6,9.87,6,9.87,1,1
,,,,11:45 - 11:59,Cashier,76.07,10,7.61,10,7.61,10,7.61,1,1
,,,,12:00 - 12:14,Cashier,49.26,7,7.04,7,7.04,7,7.04,1,1
,,,,12:15 - 12:29,Cashier,35.35,5,7.07,5,7.07,5,7.07,1,1
,,,,12:30 - 12:44,Cashier,83.49,12,6.96,12,6.96,12,6.96,1,1
,,,,12:45 - 12:59,Cashier,88.85,9,9.87,9,9.87,9,9.87,1,1
,,,,13:00 - 13:14,Cashier,28.78,4,7.2,4,7.2,4,7.2,1,1
,,,,13:15 - 13:29,Cashier,26.32,4,6.58,4,6.58,4,6.58,1,1
,,,,13:30 - 13:44,Cashier,61.02,8,7.63,8,7.63,8,7.63,1,1
,,,,13:45 - 13:59,Cashier,75.42,11,6.86,11,6.86,11,6.86,1,1
,,,,14:00 - 14:14,Cashier,45.28,6,7.55,6,7.55,6,7.55,1,1
,,,,14:15 - 14:29,Cashier,75.83,9,8.43,9,8.43,9,8.43,1,1
,,,,14:30 - 14:44,Cashier,58.63,12,4.89,12,4.89,12,4.89,1,1
,,,,14:45 - 14:59,Cashier,47.33,8,5.92,8,5.92,8,5.92,1,1
,,,,15:00 - 15:14,Cashier,28.08,4,7.02,4,7.02,4,7.02,1,1
,,,,15:15 - 15:29,Cashier,50.74,7,7.25,7,7.25,7,7.25,1,1
,,,,15:30 - 15:44,Cashier,23.73,5,4.75,5,4.75,5,4.75,1,1
,,,2,---,---,1306.5,194,6.73,194,6.73,194,6.73,1,1
,,,3,07:45 - 07:59,Cashier,11,2,5.5,2,5.5,2,5.5,1,1
,,,,08:00 - 08:14,Cashier,11.85,3,3.95,3,3.95,3,3.95,1,1
,,,,08:15 - 08:29,Cashier,20.95,3,6.98,3,6.98,3,6.98,1,1
,,,,08:30 - 08:44,Cashier,22.7,5,4.54,5,4.54,5,4.54,1,1
,,,,08:45 - 08:59,Cashier,18.89,4,4.72,4,4.72,4,4.72,1,1
,,,,09:00 - 09:14,Cashier,12.5,2,6.25,2,6.25,2,6.25,1,1
,,,,09:15 - 09:29,Cashier,12.9,2,6.45,2,6.45,2,6.45,1,1
,,,,09:30 - 09:44,Cashier,41.25,5,8.25,5,8.25,5,8.25,1,1
,,,,09:45 - 09:59,Cashier,57.81,9,6.42,9,6.42,9,6.42,1,1
,,,,10:00 - 10:14,Cashier,56.84,10,5.68,10,5.68,10,5.68,1,1
,,,,10:15 - 10:29,Cashier,51.23,7,7.32,7,7.32,7,7.32,1,1
,,,,10:30 - 10:44,Cashier,41.89,8,5.24,8,5.24,8,5.24,1,1
,,,,10:45 - 10:59,Cashier,27,4,6.75,4,6.75,4,6.75,1,1
,,,,11:00 - 11:14,Cashier,43.52,4,10.88,4,10.88,4,10.88,1,1
,,,,11:15 - 11:29,Cashier,35.84,5,7.17,5,7.17,5,7.17,1,1
,,,,11:30 - 11:44,Cashier,140.54,17,8.27,17,8.27,17,8.27,1,1
,,,,11:45 - 11:59,Cashier,58.36,8,7.29,7,8.34,8,7.29,0.88,0.88
,,,,12:00 - 12:14,Cashier,33.04,5,6.61,5,6.61,5,6.61,1,1
,,,,12:15 - 12:29,Cashier,81.49,13,6.27,13,6.27,13,6.27,1,1
,,,,12:30 - 12:44,Cashier,115.53,13,8.89,13,8.89,13,8.89,1,1
,,,,12:45 - 12:59,Cashier,53.58,7,7.65,7,7.65,7,7.65,1,1
,,,,13:00 - 13:14,Cashier,42.27,9,4.7,9,4.7,9,4.7,1,1
,,,,13:15 - 13:29,Cashier,58.92,10,5.89,10,5.89,10,5.89,1,1
,,,,13:30 - 13:44,Cashier,27.79,4,6.95,4,6.95,4,6.95,1,1
,,,,13:45 - 13:59,Cashier,31.23,8,3.9,8,3.9,8,3.9,1,1
,,,,14:00 - 14:14,Cashier,4.09,2,2.04,2,2.04,2,2.04,1,1
,,,,14:15 - 14:29,Cashier,27.54,6,4.59,6,4.59,6,4.59,1,1
,,,,14:30 - 14:44,Cashier,37.83,7,5.4,7,5.4,7,5.4,1,1
,,,,14:45 - 14:59,Cashier,47.69,7,6.81,7,6.81,7,6.81,1,1
,,,,15:00 - 15:14,Cashier,9.8,1,9.8,1,9.8,1,9.8,1,1
,,,,15:15 - 15:29,Cashier,17.78,3,5.93,3,5.93,3,5.93,1,1
,,,,15:30 - 15:44,Cashier,4.25,1,4.25,1,4.25,1,4.25,1,1
,,,3,---,---,1257.9,194,6.48,193,6.52,194,6.48,0.99,0.99
,,,4,07:45 - 07:59,Cashier,6.2,1,6.2,1,6.2,1,6.2,1,1
,,,,08:00 - 08:14,Cashier,10.45,2,5.22,2,5.22,2,5.22,1,1
,,,,08:15 - 08:29,Cashier,9.59,2,4.79,2,4.79,2,4.79,1,1
,,,,08:30 - 08:44,Cashier,3.95,1,3.95,1,3.95,1,3.95,1,1
,,,,08:45 - 08:59,Cashier,40.62,6,6.77,6,6.77,6,6.77,1,1
,,,,09:00 - 09:14,Cashier,6.2,2,3.1,2,3.1,2,3.1,1,1
,,,,09:15 - 09:29,Cashier,59.38,9,6.6,9,6.6,9,6.6,1,1
,,,,09:30 - 09:44,Cashier,39.2,7,5.6,7,5.6,7,5.6,1,1
,,,,09:45 - 09:59,Cashier,18.49,3,6.16,3,6.16,3,6.16,1,1
,,,,10:00 - 10:14,Cashier,15.45,3,5.15,3,5.15,3,5.15,1,1
,,,,10:15 - 10:29,Cashier,47.67,6,7.95,6,7.95,6,7.95,1,1
,,,,10:30 - 10:44,Cashier,28.99,5,5.8,5,5.8,5,5.8,1,1
,,,,10:45 - 10:59,Cashier,23.35,4,5.84,4,5.84,4,5.84,1,1
,,,,11:00 - 11:14,Cashier,2.45,1,2.45,1,2.45,1,2.45,1,1
,,,,11:15 - 11:29,Cashier,106.6,14,7.61,14,7.61,14,7.61,1,1
,,,,11:30 - 11:44,Cashier,67.51,10,6.75,10,6.75,10,6.75,1,1
,,,,11:45 - 11:59,Cashier,45.29,6,7.55,6,7.55,6,7.55,1,1
,,,,12:00 - 12:14,Cashier,47.41,6,7.9,6,7.9,6,7.9,1,1
,,,,12:15 - 12:29,Cashier,51.3,6,8.55,6,8.55,6,8.55,1,1
,,,,12:30 - 12:44,Cashier,107.86,14,7.7,14,7.7,14,7.7,1,1
,,,,12:45 - 12:59,Cashier,30.87,4,7.72,4,7.72,4,7.72,1,1
,,,,13:00 - 13:14,Cashier,31.17,4,7.79,4,7.79,4,7.79,1,1
,,,,13:15 - 13:29,Cashier,42.33,10,4.23,10,4.23,10,4.23,1,1
,,,,13:30 - 13:44,Cashier,121.24,14,8.66,14,8.66,14,8.66,1,1
,,,,13:45 - 13:59,Cashier,60.03,7,8.58,7,8.58,7,8.58,1,1
,,,,14:00 - 14:14,Cashier,20.09,4,5.02,4,5.02,4,5.02,1,1
,,,,14:15 - 14:29,Cashier,68.17,9,7.57,9,7.57,9,7.57,1,1
,,,,14:30 - 14:44,Cashier,24.84,3,8.28,3,8.28,3,8.28,1,1
,,,,14:45 - 14:59,Cashier,20.64,5,4.13,5,4.13,5,4.13,1,1
,,,,15:00 - 15:14,Cashier,11.79,1,11.79,1,11.79,1,11.79,1,1
,,,,15:15 - 15:29,Cashier,14.7,3,4.9,3,4.9,3,4.9,1,1
,,,4,---,---,1183.83,172,6.88,172,6.88,172,6.88,1,1
,,,7,07:45 - 07:59,Cashier,8.4,2,4.2,2,4.2,2,4.2,1,1
,,,,08:00 - 08:14,Cashier,5.95,1,5.95,1,5.95,1,5.95,1,1
,,,,08:15 - 08:29,Cashier,23.79,3,7.93,3,7.93,3,7.93,1,1
,,,,08:30 - 08:44,Cashier,18.35,5,3.67,5,3.67,5,3.67,1,1
,,,,08:45 - 08:59,Cashier,2.59,1,2.59,1,2.59,1,2.59,1,1
,,,,09:00 - 09:14,Cashier,39.3,5,7.86,5,7.86,5,7.86,1,1
,,,,09:15 - 09:29,Cashier,64.18,12,5.35,12,5.35,12,5.35,1,1
,,,,09:30 - 09:44,Cashier,16.75,3,5.58,3,5.58,3,5.58,1,1
,,,,09:45 - 09:59,Cashier,16.25,3,5.42,3,5.42,3,5.42,1,1
,,,,10:00 - 10:14,Cashier,15.05,3,5.02,3,5.02,3,5.02,1,1
,,,,10:15 - 10:29,Cashier,35.15,7,5.02,7,5.02,7,5.02,1,1
,,,,10:30 - 10:44,Cashier,52.4,7,7.49,7,7.49,7,7.49,1,1
,,,,10:45 - 10:59,Cashier,20.94,4,5.24,4,5.24,4,5.24,1,1
,,,,11:00 - 11:14,Cashier,58.85,7,8.41,7,8.41,7,8.41,1,1
,,,,11:15 - 11:29,Cashier,43.13,7,6.16,7,6.16,7,6.16,1,1
,,,,11:30 - 11:44,Cashier,108.76,16,6.8,16,6.8,16,6.8,1,1
,,,,11:45 - 11:59,Cashier,12.53,2,6.26,2,6.26,2,6.26,1,1
,,,,12:00 - 12:14,Cashier,39.58,6,6.6,6,6.6,6,6.6,1,1
,,,,12:15 - 12:29,Cashier,97.32,11,8.85,11,8.85,11,8.85,1,1
,,,,12:30 - 12:44,Cashier,44.14,6,7.36,6,7.36,6,7.36,1,1
,,,,12:45 - 12:59,Cashier,13.04,2,6.52,2,6.52,2,6.52,1,1
,,,,13:00 - 13:14,Cashier,32.54,4,8.13,4,8.13,4,8.13,1,1
,,,,13:15 - 13:29,Cashier,80.76,11,7.34,11,7.34,11,7.34,1,1
,,,,13:30 - 13:44,Cashier,82.17,10,8.22,10,8.22,10,8.22,1,1
,,,,13:45 - 13:59,Cashier,36.65,6,6.11,6,6.11,6,6.11,1,1
,,,,14:00 - 14:14,Cashier,27.14,5,5.43,5,5.43,5,5.43,1,1
,,,,14:15 - 14:29,Cashier,62.9,10,6.29,10,6.29,10,6.29,1,1
,,,,14:30 - 14:44,Cashier,27.79,5,5.56,5,5.56,5,5.56,1,1
,,,,14:45 - 14:59,Cashier,38.07,5,7.61,5,7.61,5,7.61,1,1
,,,,15:00 - 15:14,Cashier,17.44,4,4.36,4,4.36,4,4.36,1,1
,,,,15:15 - 15:29,Cashier,21.86,6,3.64,6,3.64,6,3.64,1,1
,,,,15:30 - 15:44,Cashier,4.25,1,4.25,1,4.25,1,4.25,1,1
,,,7,---,---,1168.02,180,6.49,180,6.49,180,6.49,1,1
,,,8,08:00 - 08:14,Cashier,6.75,1,6.75,1,6.75,1,6.75,1,1
,,,,08:15 - 08:29,Cashier,35.65,6,5.94,6,5.94,6,5.94,1,1
,,,,08:30 - 08:44,Cashier,11.25,2,5.63,2,5.63,2,5.63,1,1
,,,,08:45 - 08:59,Cashier,10,3,3.33,2,5,3,3.33,0.67,0.67
,,,,09:00 - 09:14,Cashier,16.75,3,5.58,3,5.58,3,5.58,1,1
,,,,09:15 - 09:29,Cashier,54.42,6,9.07,6,9.07,6,9.07,1,1
,,,,09:30 - 09:44,Cashier,27.35,6,4.56,6,4.56,6,4.56,1,1
,,,,09:45 - 09:59,Cashier,16.49,3,5.5,3,5.5,3,5.5,1,1
,,,,10:00 - 10:14,Cashier,36.9,7,5.27,7,5.27,7,5.27,1,1
,,,,10:15 - 10:29,Cashier,44.35,9,4.93,9,4.93,9,4.93,1,1
,,,,10:30 - 10:44,Cashier,33.94,4,8.48,4,8.48,4,8.48,1,1
,,,,10:45 - 10:59,Cashier,24.45,6,4.08,6,4.08,6,4.08,1,1
,,,,11:00 - 11:14,Cashier,61.3,9,6.81,9,6.81,9,6.81,1,1
,,,,11:15 - 11:29,Cashier,82.09,12,6.84,12,6.84,12,6.84,1,1
,,,,11:30 - 11:44,Cashier,91.57,15,6.1,15,6.1,15,6.1,1,1
,,,,11:45 - 11:59,Cashier,93.86,13,7.22,13,7.22,13,7.22,1,1
,,,,12:00 - 12:14,Cashier,93.12,13,7.16,13,7.16,13,7.16,1,1
,,,,12:15 - 12:29,Cashier,90.8,11,8.25,11,8.25,11,8.25,1,1
,,,,12:30 - 12:44,Cashier,89.05,10,8.9,10,8.9,10,8.9,1,1
,,,,12:45 - 12:59,Cashier,91.6,12,7.63,12,7.63,12,7.63,1,1
,,,,13:00 - 13:14,Cashier,34.23,4,8.56,4,8.56,4,8.56,1,1
,,,,13:15 - 13:29,Cashier,69.18,13,5.32,13,5.32,13,5.32,1,1
,,,,13:30 - 13:44,Cashier,52.02,8,6.5,8,6.5,8,6.5,1,1
,,,,13:45 - 13:59,Cashier,10.5,2,5.25,2,5.25,2,5.25,1,1
,,,,14:00 - 14:14,Cashier,33.33,6,5.55,6,5.55,6,5.55,1,1
,,,,14:15 - 14:29,Cashier,41.64,7,5.95,7,5.95,7,5.95,1,1
,,,,14:30 - 14:44,Cashier,19.28,4,4.82,4,4.82,4,4.82,1,1
,,,,14:45 - 14:59,Cashier,30.74,6,5.12,6,5.12,6,5.12,1,1
,,,,15:00 - 15:14,Cashier,55.92,11,5.08,11,5.08,11,5.08,1,1
,,,,15:15 - 15:29,Cashier,7.83,3,2.61,3,2.61,3,2.61,1,1
,,,8,---,---,1366.36,215,6.36,214,6.38,215,6.36,1,1
,,,9,07:00 - 07:14,Cashier,4.29,1,4.29,1,4.29,1,4.29,1,1
,,,,07:30 - 07:44,Cashier,5.25,1,5.25,1,5.25,1,5.25,1,1
,,,,07:45 - 07:59,Cashier,16.95,4,4.24,4,4.24,4,4.24,1,1
,,,,08:00 - 08:14,Cashier,16.19,2,8.1,2,8.1,2,8.1,1,1
,,,,08:15 - 08:29,Cashier,34.48,5,6.9,5,6.9,5,6.9,1,1
,,,,08:30 - 08:44,Cashier,8,2,4,2,4,2,4,1,1
,,,,08:45 - 08:59,Cashier,17,3,5.67,3,5.67,3,5.67,1,1
,,,,09:00 - 09:14,Cashier,34.25,5,6.85,5,6.85,5,6.85,1,1
,,,,09:15 - 09:29,Cashier,58.63,10,5.86,10,5.86,10,5.86,1,1
,,,,09:30 - 09:44,Cashier,30.79,5,6.16,5,6.16,5,6.16,1,1
,,,,09:45 - 09:59,Cashier,19.4,3,6.47,3,6.47,3,6.47,1,1
,,,,10:00 - 10:14,Cashier,36.18,5,7.24,5,7.24,5,7.24,1,1
,,,,10:15 - 10:29,Cashier,44.05,7,6.29,7,6.29,7,6.29,1,1
,,,,10:30 - 10:44,Cashier,63.98,12,5.33,12,5.33,12,5.33,1,1
,,,,10:45 - 10:59,Cashier,12.45,2,6.22,2,6.22,2,6.22,1,1
,,,,11:00 - 11:14,Cashier,41.88,7,5.98,7,5.98,7,5.98,1,1
,,,,11:15 - 11:29,Cashier,55.14,8,6.89,8,6.89,8,6.89,1,1
,,,,11:30 - 11:44,Cashier,96.04,13,7.39,12,8,13,7.39,0.92,0.92
,,,,11:45 - 11:59,Cashier,36.26,5,7.25,5,7.25,5,7.25,1,1
,,,,12:00 - 12:14,Cashier,86.7,13,6.67,13,6.67,13,6.67,1,1
,,,,12:15 - 12:29,Cashier,43.07,8,5.38,8,5.38,8,5.38,1,1
,,,,12:30 - 12:44,Cashier,140.36,17,8.26,17,8.26,17,8.26,1,1
,,,,12:45 - 12:59,Cashier,71.86,10,7.19,10,7.19,10,7.19,1,1
,,,,13:00 - 13:14,Cashier,37.12,5,7.42,5,7.42,5,7.42,1,1
,,,,13:15 - 13:29,Cashier,16.98,4,4.25,4,4.25,4,4.25,1,1
,,,,13:30 - 13:44,Cashier,38.48,7,5.5,7,5.5,7,5.5,1,1
,,,,13:45 - 13:59,Cashier,45.95,6,7.66,6,7.66,6,7.66,1,1
,,,,14:00 - 14:14,Cashier,37.29,6,6.21,6,6.21,6,6.21,1,1
,,,,14:15 - 14:29,Cashier,34.93,6,5.82,6,5.82,6,5.82,1,1
,,,,14:30 - 14:44,Cashier,90.72,15,6.05,15,6.05,15,6.05,1,1
,,,,14:45 - 14:59,Cashier,97.86,11,8.9,11,8.9,11,8.9,1,1
,,,,15:00 - 15:14,Cashier,36.03,6,6,6,6,6,6,1,1
,,,,15:15 - 15:29,Cashier,56.09,12,4.67,12,4.67,12,4.67,1,1
,,,9,---,---,1464.65,226,6.48,225,6.51,226,6.48,1,1
,,,10,07:45 - 07:59,Cashier,3.45,1,3.45,1,3.45,1,3.45,1,1
,,,,08:00 - 08:14,Cashier,4.95,1,4.95,1,4.95,1,4.95,1,1
,,,,08:15 - 08:29,Cashier,30.1,4,7.53,4,7.53,4,7.53,1,1
,,,,08:30 - 08:44,Cashier,13.89,2,6.95,2,6.95,2,6.95,1,1
,,,,08:45 - 08:59,Cashier,24.84,6,4.14,6,4.14,6,4.14,1,1
,,,,09:00 - 09:14,Cashier,17.2,3,5.73,3,5.73,3,5.73,1,1
,,,,09:15 - 09:29,Cashier,70.38,10,7.04,10,7.04,10,7.04,1,1
,,,,09:30 - 09:44,Cashier,36.74,7,5.25,7,5.25,7,5.25,1,1
,,,,09:45 - 09:59,Cashier,18.55,2,9.28,2,9.28,2,9.28,1,1
,,,,10:00 - 10:14,Cashier,39.98,6,6.66,6,6.66,6,6.66,1,1
,,,,10:15 - 10:29,Cashier,40.05,5,8.01,5,8.01,5,8.01,1,1
,,,,10:30 - 10:44,Cashier,76.03,10,7.6,10,7.6,10,7.6,1,1
,,,,10:45 - 10:59,Cashier,23.55,3,7.85,3,7.85,3,7.85,1,1
,,,,11:00 - 11:14,Cashier,32.84,7,4.69,7,4.69,7,4.69,1,1
,,,,11:15 - 11:29,Cashier,64.29,9,7.14,9,7.14,9,7.14,1,1
,,,,11:30 - 11:44,Cashier,57.7,9,6.41,9,6.41,9,6.41,1,1
,,,,11:45 - 11:59,Cashier,43.39,6,7.23,6,7.23,6,7.23,1,1
,,,,12:00 - 12:14,Cashier,46.54,8,5.82,8,5.82,8,5.82,1,1
,,,,12:15 - 12:29,Cashier,61.92,8,7.74,8,7.74,8,7.74,1,1
,,,,12:30 - 12:44,Cashier,98.66,12,8.22,12,8.22,12,8.22,1,1
,,,,12:45 - 12:59,Cashier,39.96,5,7.99,5,7.99,5,7.99,1,1
,,,,13:00 - 13:14,Cashier,70.1,8,8.76,8,8.76,8,8.76,1,1
,,,,13:15 - 13:29,Cashier,39.78,8,4.97,8,4.97,8,4.97,1,1
,,,,13:30 - 13:44,Cashier,23.55,5,4.71,5,4.71,5,4.71,1,1
,,,,13:45 - 13:59,Cashier,20.96,4,5.24,4,5.24,4,5.24,1,1
,,,,14:00 - 14:14,Cashier,40.9,7,5.84,7,5.84,7,5.84,1,1
,,,,14:15 - 14:29,Cashier,30.44,6,5.07,6,5.07,6,5.07,1,1
,,,,14:30 - 14:44,Cashier,70.43,12,5.87,12,5.87,12,5.87,1,1
,,,,14:45 - 14:59,Cashier,69.53,8,8.69,8,8.69,8,8.69,1,1
,,,,15:00 - 15:14,Cashier,40.75,5,8.15,5,8.15,5,8.15,1,1
,,,,15:15 - 15:29,Cashier,41.44,7,5.92,7,5.92,7,5.92,1,1
,,,10,---,---,1292.89,194,6.66,194,6.66,194,6.66,1,1
,,,11,07:30 - 07:44,Cashier,6.75,1,6.75,1,6.75,1,6.75,1,1
,,,,07:45 - 07:59,Cashier,21.47,2,10.73,2,10.73,2,10.73,1,1
,,,,08:00 - 08:14,Cashier,24.64,5,4.93,5,4.93,5,4.93,1,1
,,,,08:15 - 08:29,Cashier,17.5,2,8.75,2,8.75,2,8.75,1,1
,,,,08:30 - 08:44,Cashier,8.2,2,4.1,2,4.1,2,4.1,1,1
,,,,08:45 - 08:59,Cashier,11.73,3,3.91,3,3.91,3,3.91,1,1
,,,,09:00 - 09:14,Cashier,26.04,5,5.21,5,5.21,5,5.21,1,1
,,,,09:15 - 09:29,Cashier,79.89,11,7.26,11,7.26,11,7.26,1,1
,,,,09:30 - 09:44,Cashier,15.39,3,5.13,3,5.13,3,5.13,1,1
,,,,09:45 - 09:59,Cashier,20.65,4,5.16,4,5.16,4,5.16,1,1
,,,,10:00 - 10:14,Cashier,9.45,1,9.45,1,9.45,1,9.45,1,1
,,,,10:15 - 10:29,Cashier,79.98,13,6.15,13,6.15,13,6.15,1,1
,,,,10:30 - 10:44,Cashier,23.03,3,7.68,3,7.68,3,7.68,1,1
,,,,10:45 - 10:59,Cashier,30.76,6,5.13,6,5.13,6,5.13,1,1
,,,,11:00 - 11:14,Cashier,56.58,8,7.07,8,7.07,8,7.07,1,1
,,,,11:15 - 11:29,Cashier,57.33,9,6.37,9,6.37,9,6.37,1,1
,,,,11:30 - 11:44,Cashier,64.86,11,5.9,11,5.9,11,5.9,1,1
,,,,11:45 - 11:59,Cashier,28.05,4,7.01,4,7.01,4,7.01,1,1
,,,,12:00 - 12:14,Cashier,25.41,5,5.08,5,5.08,5,5.08,1,1
,,,,12:15 - 12:29,Cashier,42.72,8,5.34,8,5.34,8,5.34,1,1
,,,,12:30 - 12:44,Cashier,46.35,6,7.72,6,7.72,6,7.72,1,1
,,,,12:45 - 12:59,Cashier,20.45,3,6.82,3,6.82,3,6.82,1,1
,,,,13:00 - 13:14,Cashier,19.24,3,6.41,3,6.41,3,6.41,1,1
,,,,13:15 - 13:29,Cashier,31.78,4,7.95,4,7.95,4,7.95,1,1
,,,,13:30 - 13:44,Cashier,47.66,6,7.94,6,7.94,6,7.94,1,1
,,,,13:45 - 13:59,Cashier,46.67,6,7.78,6,7.78,6,7.78,1,1
,,,,14:00 - 14:14,Cashier,51.67,9,5.74,9,5.74,9,5.74,1,1
,,,,14:15 - 14:29,Cashier,18.69,4,4.67,4,4.67,4,4.67,1,1
,,,,14:30 - 14:44,Cashier,30.08,7,4.3,7,4.3,7,4.3,1,1
,,,,15:00 - 15:14,Cashier,8.77,3,2.92,3,2.92,3,2.92,1,1
,,,,15:15 - 15:29,Cashier,34.9,4,8.72,4,8.72,4,8.72,1,1
,,,11,---,---,1006.69,161,6.25,161,6.25,161,6.25,1,1
,,,14,07:15 - 07:29,Cashier,5.25,1,5.25,1,5.25,1,5.25,1,1
,,,,07:30 - 07:44,Cashier,6.25,1,6.25,1,6.25,1,6.25,1,1
,,,,07:45 - 07:59,Cashier,23.73,5,4.75,5,4.75,5,4.75,1,1
,,,,08:00 - 08:14,Cashier,5.4,1,5.4,1,5.4,1,5.4,1,1
,,,,08:15 - 08:29,Cashier,19.69,4,4.92,4,4.92,4,4.92,1,1
,,,,08:30 - 08:44,Cashier,3.25,1,3.25,1,3.25,1,3.25,1,1
,,,,08:45 - 08:59,Cashier,15.39,3,5.13,3,5.13,3,5.13,1,1
,,,,09:00 - 09:14,Cashier,32.39,6,5.4,6,5.4,6,5.4,1,1
,,,,09:15 - 09:29,Cashier,50.04,6,8.34,6,8.34,6,8.34,1,1
,,,,09:30 - 09:44,Cashier,58.45,10,5.84,9,6.49,10,5.84,0.9,0.9
,,,,09:45 - 09:59,Cashier,34.13,4,8.53,4,8.53,4,8.53,1,1
,,,,10:00 - 10:14,Cashier,38.08,7,5.44,7,5.44,7,5.44,1,1
,,,,10:15 - 10:29,Cashier,19.08,4,4.77,4,4.77,4,4.77,1,1
,,,,10:30 - 10:44,Cashier,63.8,10,6.38,10,6.38,10,6.38,1,1
,,,,10:45 - 10:59,Cashier,2.45,1,2.45,1,2.45,1,2.45,1,1
,,,,11:00 - 11:14,Cashier,37.6,6,6.27,6,6.27,6,6.27,1,1
,,,,11:15 - 11:29,Cashier,85.48,11,7.77,11,7.77,11,7.77,1,1
,,,,11:30 - 11:44,Cashier,62.59,8,7.82,8,7.82,8,7.82,1,1
,,,,11:45 - 11:59,Cashier,57.59,10,5.76,10,5.76,10,5.76,1,1
,,,,12:00 - 12:14,Cashier,32.29,5,6.46,5,6.46,5,6.46,1,1
,,,,12:15 - 12:29,Cashier,35.45,8,4.43,8,4.43,8,4.43,1,1
,,,,12:30 - 12:44,Cashier,121.21,15,8.08,15,8.08,15,8.08,1,1
,,,,12:45 - 12:59,Cashier,45.26,7,6.47,7,6.47,7,6.47,1,1
,,,,13:00 - 13:14,Cashier,29.58,4,7.39,4,7.39,4,7.39,1,1
,,,,13:15 - 13:29,Cashier,47.9,10,4.79,10,4.79,10,4.79,1,1
,,,,13:30 - 13:44,Cashier,63.4,11,5.76,11,5.76,11,5.76,1,1
,,,,13:45 - 13:59,Cashier,42.83,7,6.12,7,6.12,7,6.12,1,1
,,,,14:00 - 14:14,Cashier,25.25,4,6.31,4,6.31,4,6.31,1,1
,,,,14:15 - 14:29,Cashier,20.49,5,4.1,5,4.1,5,4.1,1,1
,,,,14:30 - 14:44,Cashier,32.47,3,10.82,3,10.82,3,10.82,1,1
,,,,14:45 - 14:59,Cashier,14.05,3,4.68,3,4.68,3,4.68,1,1
,,,,15:00 - 15:14,Cashier,14.24,2,7.12,2,7.12,2,7.12,1,1
,,,,15:15 - 15:29,Cashier,38.69,7,5.53,7,5.53,7,5.53,1,1
,,,,15:30 - 15:44,Cashier,2.75,1,2.75,1,2.75,1,2.75,1,1
,,,14,---,---,1186.5,191,6.21,190,6.24,191,6.21,0.99,0.99
,,,15,07:30 - 07:44,Cashier,22.37,3,7.46,3,7.46,3,7.46,1,1
,,,,07:45 - 07:59,Cashier,7.84,1,7.84,1,7.84,1,7.84,1,1
,,,,08:30 - 08:44,Cashier,22.65,5,4.53,5,4.53,5,4.53,1,1
,,,,08:45 - 08:59,Cashier,23.25,5,4.65,5,4.65,5,4.65,1,1
,,,,09:00 - 09:14,Cashier,34.59,5,6.92,5,6.92,5,6.92,1,1
,,,,09:15 - 09:29,Cashier,26.99,5,5.4,5,5.4,5,5.4,1,1
,,,,09:30 - 09:44,Cashier,21.4,5,4.28,5,4.28,5,4.28,1,1
,,,,09:45 - 09:59,Cashier,25.78,5,5.16,5,5.16,5,5.16,1,1
,,,,10:00 - 10:14,Cashier,55.23,11,5.02,11,5.02,11,5.02,1,1
,,,,10:15 - 10:29,Cashier,59.28,11,5.39,10,5.93,11,5.39,0.91,0.91
,,,,10:30 - 10:44,Cashier,40.94,5,8.19,5,8.19,5,8.19,1,1
,,,,10:45 - 10:59,Cashier,75.28,9,8.36,9,8.36,9,8.36,1,1
,,,,11:00 - 11:14,Cashier,87.18,12,7.26,12,7.26,12,7.26,1,1
,,,,11:15 - 11:29,Cashier,82.48,13,6.34,13,6.34,13,6.34,1,1
,,,,11:30 - 11:44,Cashier,40.77,8,5.1,8,5.1,8,5.1,1,1
,,,,11:45 - 11:59,Cashier,66.89,8,8.36,8,8.36,8,8.36,1,1
,,,,12:00 - 12:14,Cashier,94.53,8,11.82,8,11.82,8,11.82,1,1
,,,,12:15 - 12:29,Cashier,118.12,13,9.09,13,9.09,13,9.09,1,1
,,,,12:30 - 12:44,Cashier,56.05,9,6.23,9,6.23,9,6.23,1,1
,,,,12:45 - 12:59,Cashier,57.19,7,8.17,7,8.17,7,8.17,1,1
,,,,13:00 - 13:14,Cashier,60.62,11,5.51,11,5.51,11,5.51,1,1
,,,,13:15 - 13:29,Cashier,53.93,11,4.9,11,4.9,11,4.9,1,1
,,,,13:30 - 13:44,Cashier,12.5,2,6.25,2,6.25,2,6.25,1,1
,,,,13:45 - 13:59,Cashier,31.74,7,4.53,7,4.53,7,4.53,1,1
,,,,14:00 - 14:14,Cashier,54.87,9,6.1,9,6.1,9,6.1,1,1
,,,,14:15 - 14:29,Cashier,32.7,4,8.18,4,8.18,4,8.18,1,1
,,,,14:30 - 14:44,Cashier,66.89,11,6.08,11,6.08,11,6.08,1,1
,,,,14:45 - 14:59,Cashier,27.98,4,7,4,7,4,7,1,1
,,,,15:00 - 15:14,Cashier,13.95,3,4.65,3,4.65,3,4.65,1,1
,,,,15:15 - 15:29,Cashier,21.03,3,7.01,3,7.01,3,7.01,1,1
,,,,15:30 - 15:44,Cashier,9.84,2,4.92,2,4.92,2,4.92,1,1
,,,15,---,---,1404.86,215,6.53,214,6.56,215,6.53,1,1
,,,16,07:30 - 07:44,Cashier,13.99,2,7,2,7,2,7,1,1
,,,,07:45 - 07:59,Cashier,24.78,5,4.96,5,4.96,5,4.96,1,1
,,,,08:00 - 08:14,Cashier,15.65,3,5.22,3,5.22,3,5.22,1,1
,,,,08:15 - 08:29,Cashier,8.2,2,4.1,2,4.1,2,4.1,1,1
,,,,08:30 - 08:44,Cashier,11.14,1,11.14,1,11.14,1,11.14,1,1
,,,,08:45 - 08:59,Cashier,19.39,3,6.46,3,6.46,3,6.46,1,1
,,,,09:00 - 09:14,Cashier,14.35,3,4.78,3,4.78,3,4.78,1,1
,,,,09:15 - 09:29,Cashier,53.57,9,5.95,9,5.95,9,5.95,1,1
,,,,09:30 - 09:44,Cashier,38.39,6,6.4,6,6.4,6,6.4,1,1
,,,,09:45 - 09:59,Cashier,28.94,3,9.65,3,9.65,3,9.65,1,1
,,,,10:00 - 10:14,Cashier,19.25,4,4.81,4,4.81,4,4.81,1,1
,,,,10:15 - 10:29,Cashier,96.19,12,8.02,12,8.02,12,8.02,1,1
,,,,10:30 - 10:44,Cashier,97.83,16,6.11,16,6.11,16,6.11,1,1
,,,,10:45 - 10:59,Cashier,45.17,10,4.52,10,4.52,10,4.52,1,1
,,,,11:00 - 11:14,Cashier,50.95,10,5.09,10,5.09,10,5.09,1,1
,,,,11:15 - 11:29,Cashier,99.72,14,7.12,14,7.12,14,7.12,1,1
,,,,11:30 - 11:44,Cashier,74.99,9,8.33,9,8.33,9,8.33,1,1
,,,,11:45 - 11:59,Cashier,18.25,4,4.56,4,4.56,4,4.56,1,1
,,,,12:00 - 12:14,Cashier,57.06,9,6.34,9,6.34,9,6.34,1,1
,,,,12:15 - 12:29,Cashier,124.18,16,7.76,16,7.76,16,7.76,1,1
,,,,12:30 - 12:44,Cashier,85.04,12,7.09,12,7.09,12,7.09,1,1
,,,,12:45 - 12:59,Cashier,51.82,8,6.48,8,6.48,8,6.48,1,1
,,,,13:00 - 13:14,Cashier,83.37,13,6.41,13,6.41,13,6.41,1,1
,,,,13:15 - 13:29,Cashier,34.12,7,4.87,7,4.87,7,4.87,1,1
,,,,13:30 - 13:44,Cashier,58.32,10,5.83,10,5.83,10,5.83,1,1
,,,,13:45 - 13:59,Cashier,41.62,6,6.94,6,6.94,6,6.94,1,1
,,,,14:00 - 14:14,Cashier,29.62,5,5.92,5,5.92,5,5.92,1,1
,,,,14:15 - 14:29,Cashier,61.99,12,5.17,12,5.17,12,5.17,1,1
,,,,14:30 - 14:44,Cashier,109.8,20,5.49,20,5.49,20,5.49,1,1
,,,,14:45 - 14:59,Cashier,39.04,7,5.58,7,5.58,7,5.58,1,1
,,,,15:00 - 15:14,Cashier,41.24,8,5.16,8,5.16,8,5.16,1,1
,,,,15:15 - 15:29,Cashier,13.14,3,4.38,3,4.38,3,4.38,1,1
,,,16,---,---,1561.11,252,6.19,252,6.19,252,6.19,1,1
,,,17,07:30 - 07:44,Cashier,9,2,4.5,2,4.5,2,4.5,1,1
,,,,07:45 - 07:59,Cashier,4.75,1,4.75,1,4.75,1,4.75,1,1
,,,,08:00 - 08:14,Cashier,4.95,1,4.95,1,4.95,1,4.95,1,1
,,,,08:15 - 08:29,Cashier,21.24,3,7.08,3,7.08,3,7.08,1,1
,,,,08:30 - 08:44,Cashier,53.68,8,6.71,8,6.71,8,6.71,1,1
,,,,08:45 - 08:59,Cashier,10.15,3,3.38,3,3.38,3,3.38,1,1
,,,,09:00 - 09:14,Cashier,17.49,4,4.37,4,4.37,4,4.37,1,1
,,,,09:15 - 09:29,Cashier,48.38,5,9.68,5,9.68,5,9.68,1,1
,,,,09:30 - 09:44,Cashier,42.45,5,8.49,5,8.49,5,8.49,1,1
,,,,09:45 - 09:59,Cashier,18.6,4,4.65,4,4.65,4,4.65,1,1
,,,,10:00 - 10:14,Cashier,28.28,5,5.66,5,5.66,5,5.66,1,1
,,,,10:15 - 10:29,Cashier,86.36,11,7.85,11,7.85,11,7.85,1,1
,,,,10:30 - 10:44,Cashier,32.75,7,4.68,7,4.68,7,4.68,1,1
,,,,10:45 - 10:59,Cashier,32.97,4,8.24,4,8.24,4,8.24,1,1
,,,,11:00 - 11:14,Cashier,38.23,6,6.37,6,6.37,6,6.37,1,1
,,,,11:15 - 11:29,Cashier,28.14,5,5.63,5,5.63,5,5.63,1,1
,,,,11:30 - 11:44,Cashier,74.39,11,6.76,11,6.76,11,6.76,1,1
,,,,11:45 - 11:59,Cashier,69.66,10,6.97,10,6.97,10,6.97,1,1
,,,,12:00 - 12:14,Cashier,48.8,6,8.13,6,8.13,6,8.13,1,1
,,,,12:15 - 12:29,Cashier,127.2,17,7.48,17,7.48,17,7.48,1,1
,,,,12:30 - 12:44,Cashier,92.21,13,7.09,13,7.09,13,7.09,1,1
,,,,12:45 - 12:59,Cashier,17.45,3,5.82,3,5.82,3,5.82,1,1
,,,,13:00 - 13:14,Cashier,41.39,8,5.17,8,5.17,8,5.17,1,1
,,,,13:15 - 13:29,Cashier,27.93,5,5.59,5,5.59,5,5.59,1,1
,,,,13:30 - 13:44,Cashier,25.99,6,4.33,6,4.33,6,4.33,1,1
,,,,13:45 - 13:59,Cashier,36.64,8,4.58,8,4.58,8,4.58,1,1
,,,,14:00 - 14:14,Cashier,24.74,5,4.95,5,4.95,5,4.95,1,1
,,,,14:15 - 14:29,Cashier,61.63,11,5.6,11,5.6,11,5.6,1,1
,,,,14:30 - 14:44,Cashier,41.33,8,5.17,8,5.17,8,5.17,1,1
,,,,14:45 - 14:59,Cashier,32.93,7,4.7,7,4.7,7,4.7,1,1
,,,,15:00 - 15:14,Cashier,23.28,6,3.88,6,3.88,6,3.88,1,1
,,,,15:15 - 15:29,Cashier,12.75,3,4.25,3,4.25,3,4.25,1,1
,,,17,---,---,1235.74,201,6.15,201,6.15,201,6.15,1,1
,,,18,07:45 - 07:59,Cashier,7.85,1,7.85,1,7.85,1,7.85,1,1
,,,,08:00 - 08:14,Cashier,18.33,3,6.11,3,6.11,3,6.11,1,1
,,,,08:15 - 08:29,Cashier,15.55,3,5.18,3,5.18,3,5.18,1,1
,,,,08:30 - 08:44,Cashier,23.84,6,3.97,6,3.97,6,3.97,1,1
,,,,08:45 - 08:59,Cashier,11.54,2,5.77,2,5.77,2,5.77,1,1
,,,,09:00 - 09:14,Cashier,24.43,4,6.11,4,6.11,4,6.11,1,1
,,,,09:15 - 09:29,Cashier,35.69,4,8.92,4,8.92,4,8.92,1,1
,,,,09:30 - 09:44,Cashier,47.03,6,7.84,6,7.84,6,7.84,1,1
,,,,09:45 - 09:59,Cashier,20.55,3,6.85,3,6.85,3,6.85,1,1
,,,,10:00 - 10:14,Cashier,15.75,3,5.25,3,5.25,3,5.25,1,1
,,,,10:15 - 10:29,Cashier,64.68,12,5.39,12,5.39,12,5.39,1,1
,,,,10:30 - 10:44,Cashier,59.25,9,6.58,9,6.58,9,6.58,1,1
,,,,10:45 - 10:59,Cashier,28.14,4,7.04,4,7.04,4,7.04,1,1
,,,,11:00 - 11:14,Cashier,34.87,5,6.97,5,6.97,5,6.97,1,1
,,,,11:15 - 11:29,Cashier,75.37,11,6.85,11,6.85,11,6.85,1,1
,,,,11:30 - 11:44,Cashier,33.48,4,8.37,4,8.37,4,8.37,1,1
,,,,11:45 - 11:59,Cashier,26.89,7,3.84,7,3.84,7,3.84,1,1
,,,,12:00 - 12:14,Cashier,29.5,5,5.9,5,5.9,5,5.9,1,1
,,,,12:15 - 12:29,Cashier,52.92,8,6.62,8,6.62,8,6.62,1,1
,,,,12:30 - 12:44,Cashier,41.45,6,6.91,6,6.91,6,6.91,1,1
,,,,12:45 - 12:59,Cashier,31.58,6,5.26,6,5.26,6,5.26,1,1
,,,,13:00 - 13:14,Cashier,32.05,6,5.34,6,5.34,6,5.34,1,1
,,,,13:15 - 13:29,Cashier,42.47,6,7.08,6,7.08,6,7.08,1,1
,,,,13:30 - 13:44,Cashier,30.83,6,5.14,6,5.14,6,5.14,1,1
,,,,13:45 - 13:59,Cashier,12.45,3,4.15,3,4.15,3,4.15,1,1
,,,,14:00 - 14:14,Cashier,31.43,5,6.29,5,6.29,5,6.29,1,1
,,,,14:15 - 14:29,Cashier,14.74,4,3.69,4,3.69,4,3.69,1,1
,,,,14:30 - 14:44,Cashier,6.45,1,6.45,1,6.45,1,6.45,1,1
,,,,14:45 - 14:59,Cashier,31.85,7,4.55,7,4.55,7,4.55,1,1
,,,,15:15 - 15:29,Cashier,21.42,5,4.28,5,4.28,5,4.28,1,1
,,,18,---,---,922.38,155,5.95,155,5.95,155,5.95,1,1
,,,22,07:45 - 07:59,Cashier,5.95,1,5.95,1,5.95,1,5.95,1,1
,,,,08:00 - 08:14,Cashier,26.39,5,5.28,5,5.28,5,5.28,1,1
,,,,08:15 - 08:29,Cashier,16.25,4,4.06,4,4.06,4,4.06,1,1
,,,,08:30 - 08:44,Cashier,21.65,4,5.41,4,5.41,4,5.41,1,1
,,,,08:45 - 08:59,Cashier,25.03,3,8.34,3,8.34,3,8.34,1,1
,,,,09:00 - 09:14,Cashier,5,1,5,1,5,1,5,1,1
,,,,09:15 - 09:29,Cashier,51.34,8,6.42,8,6.42,8,6.42,1,1
,,,,09:30 - 09:44,Cashier,97.79,11,8.89,11,8.89,11,8.89,1,1
,,,,09:45 - 09:59,Cashier,82.82,12,6.9,12,6.9,12,6.9,1,1
,,,,10:00 - 10:14,Cashier,33.18,6,5.53,6,5.53,6,5.53,1,1
,,,,10:15 - 10:29,Cashier,102.97,12,8.58,12,8.58,12,8.58,1,1
,,,,10:30 - 10:44,Cashier,58.29,10,5.83,10,5.83,10,5.83,1,1
,,,,10:45 - 10:59,Cashier,33.09,5,6.62,5,6.62,5,6.62,1,1
,,,,11:00 - 11:14,Cashier,15.05,2,7.53,2,7.53,2,7.53,1,1
,,,,11:15 - 11:29,Cashier,61.49,11,5.59,11,5.59,11,5.59,1,1
,,,,11:30 - 11:44,Cashier,77.38,9,8.6,9,8.6,9,8.6,1,1
,,,,11:45 - 11:59,Cashier,33.24,8,4.16,8,4.16,8,4.16,1,1
,,,,12:00 - 12:14,Cashier,38.7,6,6.45,6,6.45,6,6.45,1,1
,,,,12:15 - 12:29,Cashier,95.62,14,6.83,14,6.83,14,6.83,1,1
,,,,12:30 - 12:44,Cashier,98.23,14,7.02,14,7.02,14,7.02,1,1
,,,,12:45 - 12:59,Cashier,46,5,9.2,5,9.2,5,9.2,1,1
,,,,13:00 - 13:14,Cashier,93.34,14,6.67,14,6.67,14,6.67,1,1
,,,,13:15 - 13:29,Cashier,14.68,3,4.89,3,4.89,3,4.89,1,1
,,,,13:30 - 13:44,Cashier,32.63,5,6.53,5,6.53,5,6.53,1,1
,,,,13:45 - 13:59,Cashier,17.9,3,5.97,3,5.97,3,5.97,1,1
,,,,14:00 - 14:14,Cashier,25.86,6,4.31,6,4.31,6,4.31,1,1
,,,,14:15 - 14:29,Cashier,16.79,5,3.36,5,3.36,5,3.36,1,1
,,,,14:30 - 14:44,Cashier,65.18,12,5.43,12,5.43,12,5.43,1,1
,,,,14:45 - 14:59,Cashier,20.94,5,4.19,5,4.19,5,4.19,1,1
,,,,15:00 - 15:14,Cashier,23.64,5,4.73,5,4.73,5,4.73,1,1
,,,,15:15 - 15:29,Cashier,24.58,6,4.1,6,4.1,6,4.1,1,1
,,,22,---,---,1361,215,6.33,215,6.33,215,6.33,1,1
,,,23,07:45 - 07:59,Cashier,11.89,2,5.95,2,5.95,2,5.95,1,1
,,,,08:00 - 08:14,Cashier,16.79,4,4.2,4,4.2,4,4.2,1,1
,,,,08:15 - 08:29,Cashier,33.52,7,4.79,7,4.79,7,4.79,1,1
,,,,08:30 - 08:44,Cashier,3,1,3,1,3,1,3,1,1
,,,,08:45 - 08:59,Cashier,11.29,2,5.64,2,5.64,2,5.64,1,1
,,,,09:00 - 09:14,Cashier,24.64,5,4.93,5,4.93,5,4.93,1,1
,,,,09:15 - 09:29,Cashier,59.53,8,7.44,7,8.5,8,7.44,0.88,0.88
,,,,09:30 - 09:44,Cashier,40.15,5,8.03,5,8.03,5,8.03,1,1
,,,,09:45 - 09:59,Cashier,18.4,2,9.2,2,9.2,2,9.2,1,1
,,,,10:00 - 10:14,Cashier,87.39,10,8.74,10,8.74,10,8.74,1,1
,,,,10:15 - 10:29,Cashier,19.39,5,3.88,5,3.88,5,3.88,1,1
,,,,10:30 - 10:44,Cashier,103.49,15,6.9,15,6.9,15,6.9,1,1
,,,,10:45 - 10:59,Cashier,79.67,14,5.69,14,5.69,14,5.69,1,1
,,,,11:00 - 11:14,Cashier,37.98,4,9.49,4,9.49,4,9.49,1,1
,,,,11:15 - 11:29,Cashier,98.45,14,7.03,14,7.03,14,7.03,1,1
,,,,11:30 - 11:44,Cashier,100.39,13,7.72,13,7.72,13,7.72,1,1
,,,,11:45 - 11:59,Cashier,66.52,7,9.5,7,9.5,7,9.5,1,1
,,,,12:00 - 12:14,Cashier,13.19,2,6.59,2,6.59,2,6.59,1,1
,,,,12:15 - 12:29,Cashier,68.88,9,7.65,9,7.65,9,7.65,1,1
,,,,12:30 - 12:44,Cashier,86.24,13,6.63,13,6.63,13,6.63,1,1
,,,,12:45 - 12:59,Cashier,70.61,10,7.06,10,7.06,10,7.06,1,1
,,,,13:00 - 13:14,Cashier,26.4,4,6.6,4,6.6,4,6.6,1,1
,,,,13:15 - 13:29,Cashier,33.43,6,5.57,6,5.57,6,5.57,1,1
,,,,13:30 - 13:44,Cashier,95.97,11,8.72,11,8.72,11,8.72,1,1
,,,,13:45 - 13:59,Cashier,34.99,6,5.83,6,5.83,6,5.83,1,1
,,,,14:00 - 14:14,Cashier,30.8,7,4.4,7,4.4,7,4.4,1,1
,,,,14:15 - 14:29,Cashier,38.48,9,4.28,9,4.28,9,4.28,1,1
,,,,14:30 - 14:44,Cashier,75.64,15,5.04,15,5.04,15,5.04,1,1
,,,,14:45 - 14:59,Cashier,32.4,7,4.63,7,4.63,7,4.63,1,1
,,,,15:00 - 15:14,Cashier,51.94,6,8.66,6,8.66,6,8.66,1,1
,,,,15:15 - 15:29,Cashier,19.3,5,3.86,5,3.86,5,3.86,1,1
,,,23,---,---,1490.76,228,6.54,227,6.57,228,6.54,1,1
,,,24,07:45 - 07:59,Cashier,3.25,1,3.25,1,3.25,1,3.25,1,1
,,,,08:00 - 08:14,Cashier,31.24,3,10.41,3,10.41,3,10.41,1,1
,,,,08:15 - 08:29,Cashier,18.89,4,4.72,4,4.72,4,4.72,1,1
,,,,08:30 - 08:44,Cashier,38.1,9,4.23,9,4.23,9,4.23,1,1
,,,,08:45 - 08:59,Cashier,16,4,4,4,4,4,4,1,1
,,,,09:00 - 09:14,Cashier,45.64,5,9.13,5,9.13,5,9.13,1,1
,,,,09:15 - 09:29,Cashier,72.79,11,6.62,11,6.62,11,6.62,1,1
,,,,09:30 - 09:44,Cashier,38.43,9,4.27,9,4.27,9,4.27,1,1
,,,,09:45 - 09:59,Cashier,31.45,4,7.86,4,7.86,4,7.86,1,1
,,,,10:00 - 10:14,Cashier,29.49,4,7.37,4,7.37,4,7.37,1,1
,,,,10:15 - 10:29,Cashier,46.29,8,5.79,8,5.79,8,5.79,1,1
,,,,10:30 - 10:44,Cashier,40.09,7,5.73,7,5.73,7,5.73,1,1
,,,,10:45 - 10:59,Cashier,14.25,3,4.75,3,4.75,3,4.75,1,1
,,,,11:00 - 11:14,Cashier,31.67,7,4.52,7,4.52,7,4.52,1,1
,,,,11:15 - 11:29,Cashier,50.92,8,6.37,8,6.37,8,6.37,1,1
,,,,11:30 - 11:44,Cashier,58.98,8,7.37,8,7.37,8,7.37,1,1
,,,,11:45 - 11:59,Cashier,53.62,6,8.94,6,8.94,6,8.94,1,1
,,,,12:00 - 12:14,Cashier,48.78,5,9.76,5,9.76,5,9.76,1,1
,,,,12:15 - 12:29,Cashier,97.86,16,6.12,16,6.12,16,6.12,1,1
,,,,12:30 - 12:44,Cashier,62.82,8,7.85,8,7.85,8,7.85,1,1
,,,,12:45 - 12:59,Cashier,27.07,3,9.02,3,9.02,3,9.02,1,1
,,,,13:00 - 13:14,Cashier,20.49,2,10.24,2,10.24,2,10.24,1,1
,,,,13:15 - 13:29,Cashier,77.14,10,7.71,10,7.71,10,7.71,1,1
,,,,13:30 - 13:44,Cashier,59.49,7,8.5,7,8.5,7,8.5,1,1
,,,,13:45 - 13:59,Cashier,25.19,4,6.3,4,6.3,4,6.3,1,1
,,,,14:00 - 14:14,Cashier,26.6,7,3.8,7,3.8,7,3.8,1,1
,,,,14:15 - 14:29,Cashier,62.92,9,6.99,9,6.99,9,6.99,1,1
,,,,14:30 - 14:44,Cashier,26.64,5,5.33,5,5.33,5,5.33,1,1
,,,,14:45 - 14:59,Cashier,21.34,4,5.33,4,5.33,4,5.33,1,1
,,,,15:00 - 15:14,Cashier,16.59,4,4.15,4,4.15,4,4.15,1,1
,,,,15:15 - 15:29,Cashier,26.25,5,5.25,5,5.25,5,5.25,1,1
,,,24,---,---,1220.28,190,6.42,190,6.42,190,6.42,1,1
,,,25,07:15 - 07:29,Cashier,6.75,1,6.75,1,6.75,1,6.75,1,1
,,,,07:45 - 07:59,Cashier,14.74,2,7.37,2,7.37,2,7.37,1,1
,,,,08:00 - 08:14,Cashier,30.53,6,5.09,6,5.09,6,5.09,1,1
,,,,08:15 - 08:29,Cashier,6.3,1,6.3,1,6.3,1,6.3,1,1
,,,,08:30 - 08:44,Cashier,16.54,3,5.51,3,5.51,3,5.51,1,1
,,,,08:45 - 08:59,Cashier,12.54,2,6.27,2,6.27,2,6.27,1,1
,,,,09:00 - 09:14,Cashier,37.95,6,6.33,6,6.33,6,6.33,1,1
,,,,09:15 - 09:29,Cashier,66.79,8,8.35,8,8.35,8,8.35,1,1
,,,,09:30 - 09:44,Cashier,9,2,4.5,2,4.5,2,4.5,1,1
,,,,09:45 - 09:59,Cashier,30.89,5,6.18,5,6.18,5,6.18,1,1
,,,,10:00 - 10:14,Cashier,16.2,3,5.4,3,5.4,3,5.4,1,1
,,,,10:15 - 10:29,Cashier,41.18,7,5.88,7,5.88,7,5.88,1,1
,,,,10:30 - 10:44,Cashier,29.63,4,7.41,4,7.41,4,7.41,1,1
,,,,10:45 - 10:59,Cashier,21.85,3,7.28,3,7.28,3,7.28,1,1
,,,,11:00 - 11:14,Cashier,94.82,12,7.9,12,7.9,12,7.9,1,1
,,,,11:15 - 11:29,Cashier,70.26,11,6.39,11,6.39,11,6.39,1,1
,,,,11:30 - 11:44,Cashier,85.41,11,7.76,11,7.76,11,7.76,1,1
,,,,11:45 - 11:59,Cashier,44.98,5,9,5,9,5,9,1,1
,,,,12:00 - 12:14,Cashier,40.42,7,5.77,7,5.77,7,5.77,1,1
,,,,12:15 - 12:29,Cashier,55.26,9,6.14,9,6.14,9,6.14,1,1
,,,,12:30 - 12:44,Cashier,66.42,8,8.3,8,8.3,8,8.3,1,1
,,,,12:45 - 12:59,Cashier,10.03,1,10.03,1,10.03,1,10.03,1,1
,,,,13:00 - 13:14,Cashier,48.41,10,4.84,10,4.84,10,4.84,1,1
,,,,13:15 - 13:29,Cashier,32.24,5,6.45,5,6.45,5,6.45,1,1
,,,,13:30 - 13:44,Cashier,29,5,5.8,5,5.8,5,5.8,1,1
,,,,13:45 - 13:59,Cashier,18.64,4,4.66,4,4.66,4,4.66,1,1
,,,,14:00 - 14:14,Cashier,19.44,4,4.86,4,4.86,4,4.86,1,1
,,,,14:15 - 14:29,Cashier,29.63,7,4.23,7,4.23,7,4.23,1,1
,,,,14:30 - 14:44,Cashier,57.75,9,6.42,9,6.42,9,6.42,1,1
,,,,14:45 - 14:59,Cashier,26.18,5,5.24,5,5.24,5,5.24,1,1
,,,,15:00 - 15:14,Cashier,9.7,2,4.85,2,4.85,2,4.85,1,1
,,,,15:15 - 15:29,Cashier,18.85,4,4.71,4,4.71,4,4.71,1,1
,,,25,---,---,1098.33,172,6.39,172,6.39,172,6.39,1,1
,,,28,07:30 - 07:44,Cashier,3.25,1,3.25,1,3.25,1,3.25,1,1
,,,,08:00 - 08:14,Cashier,8,1,8,1,8,1,8,1,1
,,,,08:15 - 08:29,Cashier,19.4,4,4.85,4,4.85,4,4.85,1,1
,,,,08:30 - 08:44,Cashier,22.34,5,4.47,5,4.47,5,4.47,1,1
,,,,08:45 - 08:59,Cashier,12.79,2,6.39,2,6.39,2,6.39,1,1
,,,,09:00 - 09:14,Cashier,10.45,3,3.48,3,3.48,3,3.48,1,1
,,,,09:15 - 09:29,Cashier,51.83,9,5.76,9,5.76,9,5.76,1,1
,,,,09:30 - 09:44,Cashier,19.3,3,6.43,3,6.43,3,6.43,1,1
,,,,09:45 - 09:59,Cashier,25.44,5,5.09,5,5.09,5,5.09,1,1
,,,,10:00 - 10:14,Cashier,14.09,3,4.7,3,4.7,3,4.7,1,1
,,,,10:15 - 10:29,Cashier,31.5,4,7.88,4,7.88,4,7.88,1,1
,,,,10:30 - 10:44,Cashier,43.82,9,4.87,9,4.87,9,4.87,1,1
,,,,10:45 - 10:59,Cashier,36.89,6,6.15,6,6.15,6,6.15,1,1
,,,,11:00 - 11:14,Cashier,23.4,5,4.68,5,4.68,5,4.68,1,1
,,,,11:15 - 11:29,Cashier,64.81,11,5.89,11,5.89,11,5.89,1,1
,,,,11:30 - 11:44,Cashier,64.19,9,7.13,9,7.13,9,7.13,1,1
,,,,11:45 - 11:59,Cashier,49.94,8,6.24,8,6.24,8,6.24,1,1
,,,,12:00 - 12:14,Cashier,23.24,3,7.75,3,7.75,3,7.75,1,1
,,,,12:15 - 12:29,Cashier,99.53,15,6.64,15,6.64,15,6.64,1,1
,,,,12:30 - 12:44,Cashier,89.12,12,7.43,12,7.43,12,7.43,1,1
,,,,12:45 - 12:59,Cashier,82.84,9,9.2,9,9.2,9,9.2,1,1
,,,,13:00 - 13:14,Cashier,32.38,7,4.63,7,4.63,7,4.63,1,1
,,,,13:15 - 13:29,Cashier,56.76,9,6.31,9,6.31,9,6.31,1,1
,,,,13:30 - 13:44,Cashier,37.83,5,7.57,5,7.57,5,7.57,1,1
,,,,13:45 - 13:59,Cashier,31.48,5,6.3,5,6.3,5,6.3,1,1
,,,,14:00 - 14:14,Cashier,16.39,2,8.2,2,8.2,2,8.2,1,1
,,,,14:15 - 14:29,Cashier,59.52,8,7.44,8,7.44,8,7.44,1,1
,,,,14:30 - 14:44,Cashier,71.81,10,7.18,10,7.18,10,7.18,1,1
,,,,14:45 - 14:59,Cashier,31.14,6,5.19,6,5.19,6,5.19,1,1
,,,,15:00 - 15:14,Cashier,23.95,3,7.98,3,7.98,3,7.98,1,1
,,,,15:15 - 15:29,Cashier,38.73,9,4.3,9,4.3,9,4.3,1,1
,,,,15:30 - 15:44,Cashier,4.95,1,4.95,1,4.95,1,4.95,1,1
,,,28,---,---,1201.11,192,6.26,192,6.26,192,6.26,1,1
,,2,---,---,---,23883.18,3735,6.39,3728,6.41,3735,6.39,1,1
,,3,1,07:30 - 07:44,Cashier,3,1,3,1,3,1,3,1,1
,,,,07:45 - 07:59,Cashier,15.65,3,5.22,3,5.22,3,5.22,1,1
,,,,08:00 - 08:14,Cashier,8.75,2,4.38,2,4.38,2,4.38,1,1
,,,,08:15 - 08:29,Cashier,14.49,2,7.25,2,7.25,2,7.25,1,1
,,,,08:30 - 08:44,Cashier,18.03,3,6.01,3,6.01,3,6.01,1,1
,,,,08:45 - 08:59,Cashier,27.9,6,4.65,6,4.65,6,4.65,1,1
,,,,09:00 - 09:14,Cashier,6.04,2,3.02,2,3.02,2,3.02,1,1
,,,,09:15 - 09:29,Cashier,52.36,8,6.54,8,6.54,8,6.54,1,1
,,,,09:30 - 09:44,Cashier,40.43,5,8.09,5,8.09,5,8.09,1,1
,,,,09:45 - 09:59,Cashier,38.98,6,6.5,6,6.5,6,6.5,1,1
,,,,10:00 - 10:14,Cashier,41.2,6,6.87,6,6.87,6,6.87,1,1
,,,,10:15 - 10:29,Cashier,24.14,5,4.83,5,4.83,5,4.83,1,1
,,,,10:30 - 10:44,Cashier,46.74,6,7.79,6,7.79,6,7.79,1,1
,,,,10:45 - 10:59,Cashier,12.75,2,6.38,2,6.38,2,6.38,1,1
,,,,11:00 - 11:14,Cashier,79.22,10,7.92,10,7.92,10,7.92,1,1
,,,,11:15 - 11:29,Cashier,98.93,17,5.82,17,5.82,17,5.82,1,1
,,,,11:30 - 11:44,Cashier,81.74,12,6.81,12,6.81,12,6.81,1,1
,,,,11:45 - 11:59,Cashier,18.74,4,4.68,4,4.68,4,4.68,1,1
,,,,12:00 - 12:14,Cashier,64.34,8,8.04,8,8.04,8,8.04,1,1
,,,,12:15 - 12:29,Cashier,77.11,13,5.93,13,5.93,13,5.93,1,1
,,,,12:30 - 12:44,Cashier,58.27,8,7.28,8,7.28,8,7.28,1,1
,,,,12:45 - 12:59,Cashier,63.36,12,5.28,12,5.28,12,5.28,1,1
,,,,13:00 - 13:14,Cashier,28.96,5,5.79,5,5.79,5,5.79,1,1
,,,,13:15 - 13:29,Cashier,49.85,12,4.15,12,4.15,12,4.15,1,1
,,,,13:30 - 13:44,Cashier,86.35,11,7.85,11,7.85,11,7.85,1,1
,,,,13:45 - 13:59,Cashier,11.99,3,4,3,4,3,4,1,1
,,,,14:00 - 14:14,Cashier,40.69,7,5.81,7,5.81,7,5.81,1,1
,,,,14:15 - 14:29,Cashier,53.02,9,5.89,9,5.89,9,5.89,1,1
,,,,14:30 - 14:44,Cashier,50.07,7,7.15,7,7.15,7,7.15,1,1
,,,,14:45 - 14:59,Cashier,43.75,8,5.47,8,5.47,8,5.47,1,1
,,,,15:00 - 15:14,Cashier,33.64,8,4.21,8,4.21,8,4.21,1,1
,,,,15:15 - 15:29,Cashier,29.2,6,4.87,6,4.87,6,4.87,1,1
,,,,15:30 - 15:44,Cashier,7.3,2,3.65,2,3.65,2,3.65,1,1
,,,1,---,---,1326.99,219,6.06,219,6.06,219,6.06,1,1
,,,2,07:45 - 07:59,Cashier,23.54,5,4.71,5,4.71,5,4.71,1,1
,,,,08:00 - 08:14,Cashier,31.45,5,6.29,5,6.29,5,6.29,1,1
,,,,08:15 - 08:29,Cashier,9.2,3,3.07,3,3.07,3,3.07,1,1
,,,,08:30 - 08:44,Cashier,19.6,6,3.27,6,3.27,6,3.27,1,1
,,,,08:45 - 08:59,Cashier,5.95,1,5.95,1,5.95,1,5.95,1,1
,,,,09:00 - 09:14,Cashier,28.24,5,5.65,5,5.65,5,5.65,1,1
,,,,09:15 - 09:29,Cashier,34.15,5,6.83,5,6.83,5,6.83,1,1
,,,,09:30 - 09:44,Cashier,44,6,7.33,6,7.33,6,7.33,1,1
,,,,09:45 - 09:59,Cashier,46.04,8,5.75,8,5.75,8,5.75,1,1
,,,,10:00 - 10:14,Cashier,20.4,3,6.8,3,6.8,3,6.8,1,1
,,,,10:15 - 10:29,Cashier,71.18,11,6.47,11,6.47,11,6.47,1,1
,,,,10:30 - 10:44,Cashier,67.72,10,6.77,10,6.77,10,6.77,1,1
,,,,10:45 - 10:59,Cashier,47.52,10,4.75,10,4.75,10,4.75,1,1
,,,,11:00 - 11:14,Cashier,61.34,10,6.13,10,6.13,10,6.13,1,1
,,,,11:15 - 11:29,Cashier,84.91,13,6.53,13,6.53,13,6.53,1,1
,,,,11:30 - 11:44,Cashier,126.95,15,8.46,15,8.46,15,8.46,1,1
,,,,11:45 - 11:59,Cashier,50.72,7,7.25,7,7.25,7,7.25,1,1
,,,,12:00 - 12:14,Cashier,25.83,3,8.61,3,8.61,3,8.61,1,1
,,,,12:15 - 12:29,Cashier,82.63,13,6.36,13,6.36,13,6.36,1,1
,,,,12:30 - 12:44,Cashier,108.1,14,7.72,14,7.72,14,7.72,1,1
,,,,12:45 - 12:59,Cashier,24.74,4,6.18,4,6.18,4,6.18,1,1
,,,,13:00 - 13:14,Cashier,35.79,5,7.16,5,7.16,5,7.16,1,1
,,,,13:15 - 13:29,Cashier,52.61,10,5.26,10,5.26,10,5.26,1,1
,,,,13:30 - 13:44,Cashier,67.11,13,5.16,13,5.16,13,5.16,1,1
,,,,13:45 - 13:59,Cashier,19.04,3,6.35,3,6.35,3,6.35,1,1
,,,,14:00 - 14:14,Cashier,35.55,5,7.11,5,7.11,5,7.11,1,1
,,,,14:15 - 14:29,Cashier,71.33,12,5.94,12,5.94,12,5.94,1,1
,,,,14:30 - 14:44,Cashier,80.15,13,6.17,13,6.17,13,6.17,1,1
,,,,14:45 - 14:59,Cashier,40.18,8,5.02,8,5.02,8,5.02,1,1
,,,,15:00 - 15:14,Cashier,21.29,4,5.32,4,5.32,4,5.32,1,1
,,,,15:15 - 15:29,Cashier,86.71,12,7.23,12,7.23,12,7.23,1,1
,,,,15:30 - 15:44,Cashier,49.53,7,7.08,7,7.08,7,7.08,1,1
,,,2,---,---,1573.5,249,6.32,249,6.32,249,6.32,1,1
,,,3,08:15 - 08:29,Cashier,3,1,3,1,3,1,3,1,1
,,,,08:30 - 08:44,Cashier,10.15,3,3.38,3,3.38,3,3.38,1,1
,,,,08:45 - 08:59,Cashier,48.73,8,6.09,8,6.09,8,6.09,1,1
,,,,09:00 - 09:14,Cashier,4.75,1,4.75,1,4.75,1,4.75,1,1
,,,,09:15 - 09:29,Cashier,62.94,11,5.72,10,6.29,11,5.72,0.91,0.91
,,,,09:30 - 09:44,Cashier,29.15,5,5.83,5,5.83,5,5.83,1,1
,,,,09:45 - 09:59,Cashier,27.18,3,9.06,3,9.06,3,9.06,1,1
,,,,10:00 - 10:14,Cashier,41.59,7,5.94,7,5.94,7,5.94,1,1
,,,,10:15 - 10:29,Cashier,67.3,10,6.73,10,6.73,10,6.73,1,1
,,,,10:30 - 10:44,Cashier,39.75,7,5.68,7,5.68,7,5.68,1,1
,,,,10:45 - 10:59,Cashier,20.38,4,5.09,4,5.09,4,5.09,1,1
,,,,11:00 - 11:14,Cashier,33.25,6,5.54,6,5.54,6,5.54,1,1
,,,,11:15 - 11:29,Cashier,43.13,6,7.19,6,7.19,6,7.19,1,1
,,,,11:30 - 11:44,Cashier,89.89,13,6.91,13,6.91,13,6.91,1,1
,,,,11:45 - 11:59,Cashier,62.58,11,5.69,11,5.69,11,5.69,1,1
,,,,12:00 - 12:14,Cashier,93.35,11,8.49,11,8.49,11,8.49,1,1
,,,,12:15 - 12:29,Cashier,84.38,10,8.44,10,8.44,10,8.44,1,1
,,,,12:30 - 12:44,Cashier,58.03,9,6.45,9,6.45,9,6.45,1,1
,,,,12:45 - 12:59,Cashier,59.63,10,5.96,10,5.96,10,5.96,1,1
,,,,13:00 - 13:14,Cashier,49.33,8,6.17,8,6.17,8,6.17,1,1
,,,,13:15 - 13:29,Cashier,30.43,6,5.07,6,5.07,6,5.07,1,1
,,,,13:30 - 13:44,Cashier,44.23,7,6.32,7,6.32,7,6.32,1,1
,,,,13:45 - 13:59,Cashier,17.59,4,4.4,4,4.4,4,4.4,1,1
,,,,14:00 - 14:14,Cashier,31.07,3,10.36,3,10.36,3,10.36,1,1
,,,,14:15 - 14:29,Cashier,73.56,10,7.36,10,7.36,10,7.36,1,1
,,,,14:30 - 14:44,Cashier,41.02,7,5.86,7,5.86,7,5.86,1,1
,,,,14:45 - 14:59,Cashier,29.87,6,4.98,6,4.98,6,4.98,1,1
,,,,15:00 - 15:14,Cashier,29.83,4,7.46,4,7.46,4,7.46,1,1
,,,,15:15 - 15:29,Cashier,26.58,5,5.32,5,5.32,5,5.32,1,1
,,,3,---,---,1252.67,196,6.39,195,6.42,196,6.39,0.99,0.99
,,,4,07:30 - 07:44,Cashier,8.7,1,8.7,1,8.7,1,8.7,1,1
,,,,07:45 - 07:59,Cashier,23.75,3,7.92,3,7.92,3,7.92,1,1
,,,,08:00 - 08:14,Cashier,28.74,6,4.79,6,4.79,6,4.79,1,1
,,,,08:15 - 08:29,Cashier,8.5,2,4.25,2,4.25,2,4.25,1,1
,,,,08:30 - 08:44,Cashier,7.7,2,3.85,2,3.85,2,3.85,1,1
,,,,08:45 - 08:59,Cashier,17.95,4,4.49,4,4.49,4,4.49,1,1
,,,,09:00 - 09:14,Cashier,13.7,3,4.57,3,4.57,3,4.57,1,1
,,,,09:15 - 09:29,Cashier,44.88,10,4.49,10,4.49,10,4.49,1,1
,,,,09:30 - 09:44,Cashier,62,10,6.2,10,6.2,10,6.2,1,1
,,,,09:45 - 09:59,Cashier,13,2,6.5,2,6.5,2,6.5,1,1
,,,,10:00 - 10:14,Cashier,46.52,7,6.65,7,6.65,7,6.65,1,1
,,,,10:15 - 10:29,Cashier,73.86,10,7.39,10,7.39,10,7.39,1,1
,,,,10:30 - 10:44,Cashier,27.34,4,6.83,4,6.83,4,6.83,1,1
,,,,10:45 - 10:59,Cashier,9.7,2,4.85,2,4.85,2,4.85,1,1
,,,,11:00 - 11:14,Cashier,76.43,11,6.95,11,6.95,11,6.95,1,1
,,,,11:15 - 11:29,Cashier,87.1,12,7.26,12,7.26,12,7.26,1,1
,,,,11:30 - 11:44,Cashier,68.79,9,7.64,9,7.64,9,7.64,1,1
,,,,11:45 - 11:59,Cashier,34.08,7,4.87,7,4.87,7,4.87,1,1
,,,,12:00 - 12:14,Cashier,67.5,8,8.44,8,8.44,8,8.44,1,1
,,,,12:15 - 12:29,Cashier,49.22,6,8.2,6,8.2,6,8.2,1,1
,,,,12:30 - 12:44,Cashier,34.23,7,4.89,7,4.89,7,4.89,1,1
,,,,12:45 - 12:59,Cashier,32.98,4,8.24,4,8.24,4,8.24,1,1
,,,,13:00 - 13:14,Cashier,61.63,9,6.85,9,6.85,9,6.85,1,1
,,,,13:15 - 13:29,Cashier,21.48,5,4.3,5,4.3,5,4.3,1,1
,,,,13:30 - 13:44,Cashier,33.47,7,4.78,7,4.78,7,4.78,1,1
,,,,13:45 - 13:59,Cashier,36.51,9,4.06,9,4.06,9,4.06,1,1
,,,,14:00 - 14:14,Cashier,16.17,3,5.39,3,5.39,3,5.39,1,1
,,,,14:15 - 14:29,Cashier,39.69,8,4.96,8,4.96,8,4.96,1,1
,,,,14:30 - 14:44,Cashier,9.33,2,4.67,2,4.67,2,4.67,1,1
,,,,14:45 - 14:59,Cashier,8.2,2,4.1,2,4.1,2,4.1,1,1
,,,,15:00 - 15:14,Cashier,18.67,4,4.67,4,4.67,4,4.67,1,1
,,,4,---,---,1081.82,179,6.04,179,6.04,179,6.04,1,1
,,,7,07:30 - 07:44,Cashier,14.54,2,7.27,2,7.27,2,7.27,1,1
,,,,07:45 - 07:59,Cashier,3.25,1,3.25,1,3.25,1,3.25,1,1
,,,,08:00 - 08:14,Cashier,15.4,4,3.85,4,3.85,4,3.85,1,1
,,,,08:30 - 08:44,Cashier,15.53,4,3.88,4,3.88,4,3.88,1,1
,,,,08:45 - 08:59,Cashier,39.12,5,7.82,5,7.82,5,7.82,1,1
,,,,09:00 - 09:14,Cashier,26.53,4,6.63,4,6.63,4,6.63,1,1
,,,,09:15 - 09:29,Cashier,39.98,7,5.71,7,5.71,7,5.71,1,1
,,,,09:30 - 09:44,Cashier,35.98,6,6,6,6,6,6,1,1
,,,,09:45 - 09:59,Cashier,32.25,4,8.06,4,8.06,4,8.06,1,1
,,,,10:00 - 10:14,Cashier,20.4,6,3.4,6,3.4,6,3.4,1,1
,,,,10:15 - 10:29,Cashier,30.58,6,5.1,6,5.1,6,5.1,1,1
,,,,10:30 - 10:44,Cashier,16.09,3,5.36,3,5.36,3,5.36,1,1
,,,,10:45 - 10:59,Cashier,16.9,4,4.22,4,4.22,4,4.22,1,1
,,,,11:00 - 11:14,Cashier,43.71,6,7.29,6,7.29,6,7.29,1,1
,,,,11:15 - 11:29,Cashier,90.05,13,6.93,13,6.93,13,6.93,1,1
,,,,11:30 - 11:44,Cashier,64.12,12,5.34,12,5.34,12,5.34,1,1
,,,,11:45 - 11:59,Cashier,52.02,8,6.5,8,6.5,8,6.5,1,1
,,,,12:00 - 12:14,Cashier,18.63,4,4.66,4,4.66,4,4.66,1,1
,,,,12:15 - 12:29,Cashier,102.79,15,6.85,15,6.85,15,6.85,1,1
,,,,12:30 - 12:44,Cashier,137.87,18,7.66,18,7.66,18,7.66,1,1
,,,,12:45 - 12:59,Cashier,35.33,3,11.78,3,11.78,3,11.78,1,1
,,,,13:00 - 13:14,Cashier,50.14,6,8.36,6,8.36,6,8.36,1,1
,,,,13:15 - 13:29,Cashier,42.54,5,8.51,5,8.51,5,8.51,1,1
,,,,13:30 - 13:44,Cashier,22.84,5,4.57,5,4.57,5,4.57,1,1
,,,,13:45 - 13:59,Cashier,55.07,11,5.01,11,5.01,11,5.01,1,1
,,,,14:00 - 14:14,Cashier,7.34,2,3.67,2,3.67,2,3.67,1,1
,,,,14:15 - 14:29,Cashier,30.44,6,5.07,6,5.07,6,5.07,1,1
,,,,14:30 - 14:44,Cashier,36.29,5,7.26,5,7.26,5,7.26,1,1
,,,,14:45 - 14:59,Cashier,5.55,1,5.55,1,5.55,1,5.55,1,1
,,,,15:00 - 15:14,Cashier,30.85,4,7.71,4,7.71,4,7.71,1,1
,,,,15:15 - 15:29,Cashier,25.74,5,5.15,5,5.15,5,5.15,1,1
,,,,15:30 - 15:44,Cashier,11.34,2,5.67,2,5.67,2,5.67,1,1
,,,7,---,---,1169.21,187,6.25,187,6.25,187,6.25,1,1
,,,8,08:00 - 08:14,Cashier,13,3,4.33,3,4.33,3,4.33,1,1
,,,,08:15 - 08:29,Cashier,11.4,2,5.7,2,5.7,2,5.7,1,1
,,,,08:30 - 08:44,Cashier,25.29,5,5.06,5,5.06,5,5.06,1,1
,,,,08:45 - 08:59,Cashier,36.28,7,5.18,7,5.18,7,5.18,1,1
,,,,09:00 - 09:14,Cashier,32.13,5,6.43,5,6.43,5,6.43,1,1
,,,,09:15 - 09:29,Cashier,70.73,8,8.84,8,8.84,8,8.84,1,1
,,,,09:30 - 09:44,Cashier,49.17,7,7.02,7,7.02,7,7.02,1,1
,,,,09:45 - 09:59,Cashier,44.45,6,7.41,6,7.41,6,7.41,1,1
,,,,10:00 - 10:14,Cashier,41.39,6,6.9,6,6.9,6,6.9,1,1
,,,,10:15 - 10:29,Cashier,46.67,7,6.67,7,6.67,7,6.67,1,1
,,,,10:30 - 10:44,Cashier,70.41,11,6.4,11,6.4,11,6.4,1,1
,,,,10:45 - 10:59,Cashier,39.84,6,6.64,6,6.64,6,6.64,1,1
,,,,11:00 - 11:14,Cashier,35.82,7,5.12,7,5.12,7,5.12,1,1
,,,,11:15 - 11:29,Cashier,78.77,12,6.56,12,6.56,12,6.56,1,1
,,,,11:30 - 11:44,Cashier,60.71,7,8.67,7,8.67,7,8.67,1,1
,,,,11:45 - 11:59,Cashier,28.79,4,7.2,4,7.2,4,7.2,1,1
,,,,12:00 - 12:14,Cashier,63.48,11,5.77,11,5.77,11,5.77,1,1
,,,,12:15 - 12:29,Cashier,83.73,10,8.37,10,8.37,10,8.37,1,1
,,,,12:30 - 12:44,Cashier,92.41,11,8.4,11,8.4,11,8.4,1,1
,,,,12:45 - 12:59,Cashier,67.47,9,7.5,9,7.5,9,7.5,1,1
,,,,13:00 - 13:14,Cashier,59.72,7,8.53,7,8.53,7,8.53,1,1
,,,,13:15 - 13:29,Cashier,40.02,7,5.72,7,5.72,7,5.72,1,1
,,,,13:30 - 13:44,Cashier,21.34,5,4.27,5,4.27,5,4.27,1,1
,,,,13:45 - 13:59,Cashier,34.48,5,6.9,5,6.9,5,6.9,1,1
,,,,14:00 - 14:14,Cashier,7.79,1,7.79,1,7.79,1,7.79,1,1
,,,,14:15 - 14:29,Cashier,88.82,12,7.4,12,7.4,12,7.4,1,1
,,,,14:30 - 14:44,Cashier,41.6,8,5.2,8,5.2,8,5.2,1,1
,,,,14:45 - 14:59,Cashier,30.19,7,4.31,7,4.31,7,4.31,1,1
,,,,15:00 - 15:14,Cashier,33.75,7,4.82,7,4.82,7,4.82,1,1
,,,,15:15 - 15:29,Cashier,6.45,1,6.45,1,6.45,1,6.45,1,1
,,,8,---,---,1356.1,204,6.65,204,6.65,204,6.65,1,1
,,,9,07:45 - 07:59,Cashier,10.45,3,3.48,3,3.48,3,3.48,1,1
,,,,08:00 - 08:14,Cashier,29.95,5,5.99,5,5.99,5,5.99,1,1
,,,,08:30 - 08:44,Cashier,20.53,3,6.84,3,6.84,3,6.84,1,1
,,,,08:45 - 08:59,Cashier,27.75,6,4.63,6,4.63,6,4.63,1,1
,,,,09:00 - 09:14,Cashier,30.93,6,5.16,6,5.16,6,5.16,1,1
,,,,09:15 - 09:29,Cashier,36.38,5,7.28,5,7.28,5,7.28,1,1
,,,,09:30 - 09:44,Cashier,17.79,3,5.93,3,5.93,3,5.93,1,1
,,,,09:45 - 09:59,Cashier,44.25,7,6.32,7,6.32,7,6.32,1,1
,,,,10:00 - 10:14,Cashier,29.18,4,7.29,4,7.29,4,7.29,1,1
,,,,10:15 - 10:29,Cashier,54.72,6,9.12,6,9.12,6,9.12,1,1
,,,,10:30 - 10:44,Cashier,36.14,9,4.02,9,4.02,9,4.02,1,1
,,,,10:45 - 10:59,Cashier,37.05,6,6.17,6,6.17,6,6.17,1,1
,,,,11:00 - 11:14,Cashier,80.08,14,5.72,14,5.72,14,5.72,1,1
,,,,11:15 - 11:29,Cashier,88.32,16,5.52,16,5.52,16,5.52,1,1
,,,,11:30 - 11:44,Cashier,8.5,2,4.25,2,4.25,2,4.25,1,1
,,,,11:45 - 11:59,Cashier,55.37,9,6.15,9,6.15,9,6.15,1,1
,,,,12:00 - 12:14,Cashier,90.52,9,10.06,9,10.06,9,10.06,1,1
,,,,12:15 - 12:29,Cashier,62.76,10,6.28,10,6.28,10,6.28,1,1
,,,,12:30 - 12:44,Cashier,110.44,13,8.5,13,8.5,13,8.5,1,1
,,,,12:45 - 12:59,Cashier,68.44,10,6.84,10,6.84,10,6.84,1,1
,,,,13:00 - 13:14,Cashier,22.45,4,5.61,4,5.61,4,5.61,1,1
,,,,13:15 - 13:29,Cashier,76.99,14,5.5,14,5.5,14,5.5,1,1
,,,,13:30 - 13:44,Cashier,54.74,10,5.47,10,5.47,10,5.47,1,1
,,,,13:45 - 13:59,Cashier,31.3,5,6.26,5,6.26,5,6.26,1,1
,,,,14:00 - 14:14,Cashier,67.2,12,5.6,12,5.6,12,5.6,1,1
,,,,14:15 - 14:29,Cashier,67.28,14,4.81,14,4.81,14,4.81,1,1
,,,,14:30 - 14:44,Cashier,110.04,14,7.86,14,7.86,14,7.86,1,1
,,,,14:45 - 14:59,Cashier,30.23,6,5.04,6,5.04,6,5.04,1,1
,,,,15:00 - 15:14,Cashier,61.37,10,6.14,10,6.14,10,6.14,1,1
,,,,15:15 - 15:29,Cashier,66.89,11,6.08,11,6.08,11,6.08,1,1
,,,,15:30 - 15:44,Cashier,8.99,2,4.5,2,4.5,2,4.5,1,1
,,,9,---,---,1537.03,248,6.2,248,6.2,248,6.2,1,1
,,,10,07:45 - 07:59,Cashier,4.25,1,4.25,1,4.25,1,4.25,1,1
,,,,08:00 - 08:14,Cashier,19.97,3,6.66,3,6.66,3,6.66,1,1
,,,,08:15 - 08:29,Cashier,30.39,5,6.08,5,6.08,5,6.08,1,1
,,,,08:30 - 08:44,Cashier,14.64,3,4.88,3,4.88,3,4.88,1,1
,,,,08:45 - 08:59,Cashier,10.1,3,3.37,3,3.37,3,3.37,1,1
,,,,09:00 - 09:14,Cashier,22.94,4,5.74,4,5.74,4,5.74,1,1
,,,,09:15 - 09:29,Cashier,59.04,8,7.38,8,7.38,8,7.38,1,1
,,,,09:30 - 09:44,Cashier,55.34,9,6.15,9,6.15,9,6.15,1,1
,,,,09:45 - 09:59,Cashier,14,3,4.67,3,4.67,3,4.67,1,1
,,,,10:00 - 10:14,Cashier,19.89,4,4.97,4,4.97,4,4.97,1,1
,,,,10:15 - 10:29,Cashier,19.98,4,5,4,5,4,5,1,1
,,,,10:30 - 10:44,Cashier,38.23,7,5.46,7,5.46,7,5.46,1,1
,,,,10:45 - 10:59,Cashier,53.13,6,8.86,6,8.86,6,8.86,1,1
,,,,11:00 - 11:14,Cashier,87.2,9,9.69,9,9.69,9,9.69,1,1
,,,,11:15 - 11:29,Cashier,24.99,4,6.25,4,6.25,4,6.25,1,1
,,,,11:30 - 11:44,Cashier,79.43,8,9.93,8,9.93,8,9.93,1,1
,,,,11:45 - 11:59,Cashier,83.7,9,9.3,9,9.3,9,9.3,1,1
,,,,12:00 - 12:14,Cashier,132,18,7.33,18,7.33,18,7.33,1,1
,,,,12:15 - 12:29,Cashier,82.6,12,6.88,12,6.88,12,6.88,1,1
,,,,12:30 - 12:44,Cashier,31.94,5,6.39,5,6.39,5,6.39,1,1
,,,,12:45 - 12:59,Cashier,50.98,8,6.37,8,6.37,8,6.37,1,1
,,,,13:00 - 13:14,Cashier,82.33,11,7.48,11,7.48,11,7.48,1,1
,,,,13:15 - 13:29,Cashier,44.47,9,4.94,9,4.94,9,4.94,1,1
,,,,13:30 - 13:44,Cashier,3,1,3,1,3,1,3,1,1
,,,,13:45 - 13:59,Cashier,66.5,10,6.65,10,6.65,10,6.65,1,1
,,,,14:00 - 14:14,Cashier,54.35,9,6.04,9,6.04,9,6.04,1,1
,,,,14:15 - 14:29,Cashier,44.3,8,5.54,8,5.54,8,5.54,1,1
,,,,14:30 - 14:44,Cashier,85.06,10,8.51,10,8.51,10,8.51,1,1
,,,,14:45 - 14:59,Cashier,19.69,4,4.92,4,4.92,4,4.92,1,1
,,,,15:00 - 15:14,Cashier,34.62,6,5.77,6,5.77,6,5.77,1,1
,,,,15:15 - 15:29,Cashier,11.59,3,3.86,3,3.86,3,3.86,1,1
,,,10,---,---,1380.65,204,6.77,204,6.77,204,6.77,1,1
,,,11,07:45 - 07:59,Cashier,21,4,5.25,4,5.25,4,5.25,1,1
,,,,08:00 - 08:14,Cashier,10.19,2,5.09,2,5.09,2,5.09,1,1
,,,,08:15 - 08:29,Cashier,7.6,1,7.6,1,7.6,1,7.6,1,1
,,,,08:30 - 08:44,Cashier,16.24,4,4.06,4,4.06,4,4.06,1,1
,,,,08:45 - 08:59,Cashier,11.6,2,5.8,2,5.8,2,5.8,1,1
,,,,09:00 - 09:14,Cashier,41.69,7,5.96,7,5.96,7,5.96,1,1
,,,,09:15 - 09:29,Cashier,44.63,8,5.58,8,5.58,8,5.58,1,1
,,,,09:30 - 09:44,Cashier,28.04,4,7.01,4,7.01,4,7.01,1,1
,,,,09:45 - 09:59,Cashier,10.95,3,3.65,3,3.65,3,3.65,1,1
,,,,10:00 - 10:14,Cashier,21.85,5,4.37,5,4.37,5,4.37,1,1
,,,,10:15 - 10:29,Cashier,56.08,10,5.61,10,5.61,10,5.61,1,1
,,,,10:30 - 10:44,Cashier,61.38,9,6.82,9,6.82,9,6.82,1,1
,,,,10:45 - 10:59,Cashier,44.14,7,6.31,7,6.31,7,6.31,1,1
,,,,11:00 - 11:14,Cashier,61.34,9,6.82,9,6.82,9,6.82,1,1
,,,,11:15 - 11:29,Cashier,33.7,7,4.81,7,4.81,7,4.81,1,1
,,,,11:30 - 11:44,Cashier,70.83,10,7.08,10,7.08,10,7.08,1,1
,,,,11:45 - 11:59,Cashier,31.44,4,7.86,4,7.86,4,7.86,1,1
,,,,12:00 - 12:14,Cashier,36.92,4,9.23,4,9.23,4,9.23,1,1
,,,,12:15 - 12:29,Cashier,59.19,10,5.92,10,5.92,10,5.92,1,1
,,,,12:30 - 12:44,Cashier,38.33,6,6.39,6,6.39,6,6.39,1,1
,,,,12:45 - 12:59,Cashier,52.65,8,6.58,8,6.58,8,6.58,1,1
,,,,13:00 - 13:14,Cashier,26.39,4,6.6,4,6.6,4,6.6,1,1
,,,,13:15 - 13:29,Cashier,57.09,8,7.14,8,7.14,8,7.14,1,1
,,,,13:30 - 13:44,Cashier,51.57,7,7.37,7,7.37,7,7.37,1,1
,,,,13:45 - 13:59,Cashier,96.69,17,5.69,17,5.69,17,5.69,1,1
,,,,14:00 - 14:14,Cashier,29.38,4,7.34,4,7.34,4,7.34,1,1
,,,,14:15 - 14:29,Cashier,59.79,12,4.98,12,4.98,12,4.98,1,1
,,,,14:30 - 14:44,Cashier,9,2,4.5,2,4.5,2,4.5,1,1
,,,,14:45 - 14:59,Cashier,40.63,7,5.8,7,5.8,7,5.8,1,1
,,,,15:00 - 15:14,Cashier,31.99,3,10.66,3,10.66,3,10.66,1,1
,,,,15:15 - 15:29,Cashier,42.39,8,5.3,8,5.3,8,5.3,1,1
,,,,15:30 - 15:44,Cashier,8.04,2,4.02,2,4.02,2,4.02,1,1
,,,11,---,---,1212.75,198,6.13,198,6.13,198,6.13,1,1
,,,14,07:45 - 07:59,Cashier,7.25,1,7.25,1,7.25,1,7.25,1,1
,,,,08:00 - 08:14,Cashier,5.25,1,5.25,1,5.25,1,5.25,1,1
,,,,08:15 - 08:29,Cashier,4.25,1,4.25,1,4.25,1,4.25,1,1
,,,,08:30 - 08:44,Cashier,15.78,2,7.89,2,7.89,2,7.89,1,1
,,,,08:45 - 08:59,Cashier,14.55,3,4.85,3,4.85,3,4.85,1,1
,,,,09:00 - 09:14,Cashier,27.08,5,5.42,5,5.42,5,5.42,1,1
,,,,09:15 - 09:29,Cashier,25.85,5,5.17,5,5.17,5,5.17,1,1
,,,,09:30 - 09:44,Cashier,7.9,2,3.95,2,3.95,2,3.95,1,1
,,,,09:45 - 09:59,Cashier,23.94,4,5.99,4,5.99,4,5.99,1,1
,,,,10:00 - 10:14,Cashier,15.25,3,5.08,3,5.08,3,5.08,1,1
,,,,10:15 - 10:29,Cashier,22.8,4,5.7,4,5.7,4,5.7,1,1
,,,,10:30 - 10:44,Cashier,33,3,11,3,11,3,11,1,1
,,,,10:45 - 10:59,Cashier,27.94,3,9.31,3,9.31,3,9.31,1,1
,,,,11:00 - 11:14,Cashier,17,2,8.5,2,8.5,2,8.5,1,1
,,,,11:15 - 11:29,Cashier,21.32,3,7.11,3,7.11,3,7.11,1,1
,,,,11:30 - 11:44,Cashier,29.08,4,7.27,4,7.27,4,7.27,1,1
,,,,11:45 - 11:59,Cashier,15.49,3,5.16,3,5.16,3,5.16,1,1
,,,,12:00 - 12:14,Cashier,53.32,7,7.62,7,7.62,7,7.62,1,1
,,,,12:15 - 12:29,Cashier,14.7,3,4.9,3,4.9,3,4.9,1,1
,,,,12:30 - 12:44,Cashier,33.28,5,6.66,5,6.66,5,6.66,1,1
,,,,12:45 - 12:59,Cashier,29.34,4,7.33,4,7.33,4,7.33,1,1
,,,,13:00 - 13:14,Cashier,28.29,4,7.07,4,7.07,4,7.07,1,1
,,,,13:15 - 13:29,Cashier,13.25,4,3.31,4,3.31,4,3.31,1,1
,,,,13:30 - 13:44,Cashier,14.08,2,7.04,2,7.04,2,7.04,1,1
,,,,13:45 - 13:59,Cashier,28.94,6,4.82,6,4.82,6,4.82,1,1
,,,,14:00 - 14:14,Cashier,14.4,3,4.8,3,4.8,3,4.8,1,1
,,,,14:15 - 14:29,Cashier,19.34,4,4.83,4,4.83,4,4.83,1,1
,,,,14:30 - 14:44,Cashier,14.7,3,4.9,3,4.9,3,4.9,1,1
,,,,14:45 - 14:59,Cashier,26.53,4,6.63,4,6.63,4,6.63,1,1
,,,,15:00 - 15:14,Cashier,11.55,3,3.85,3,3.85,3,3.85,1,1
,,,,15:15 - 15:29,Cashier,12.65,3,4.22,3,4.22,3,4.22,1,1
,,,14,---,---,628.1,104,6.04,104,6.04,104,6.04,1,1
,,,15,08:00 - 08:14,Cashier,33.89,4,8.47,4,8.47,4,8.47,1,1
,,,,08:15 - 08:29,Cashier,10.25,3,3.42,3,3.42,3,3.42,1,1
,,,,08:30 - 08:44,Cashier,10.6,2,5.3,2,5.3,2,5.3,1,1
,,,,08:45 - 08:59,Cashier,16.59,4,4.15,4,4.15,4,4.15,1,1
,,,,09:00 - 09:14,Cashier,20.8,5,4.16,5,4.16,5,4.16,1,1
,,,,09:15 - 09:29,Cashier,6,1,6,1,6,1,6,1,1
,,,,09:30 - 09:44,Cashier,13,3,4.33,3,4.33,3,4.33,1,1
,,,,09:45 - 09:59,Cashier,11.05,2,5.53,2,5.53,2,5.53,1,1
,,,,10:00 - 10:14,Cashier,16.1,5,3.22,5,3.22,5,3.22,1,1
,,,,10:15 - 10:29,Cashier,42.43,4,10.61,4,10.61,4,10.61,1,1
,,,,10:30 - 10:44,Cashier,41.4,5,8.28,5,8.28,5,8.28,1,1
,,,,10:45 - 10:59,Cashier,33.19,4,8.3,4,8.3,4,8.3,1,1
,,,,11:00 - 11:14,Cashier,23.99,2,11.99,2,11.99,2,11.99,1,1
,,,,11:15 - 11:29,Cashier,3.35,1,3.35,1,3.35,1,3.35,1,1
,,,,11:30 - 11:44,Cashier,5,1,5,1,5,1,5,1,1
,,,,11:45 - 11:59,Cashier,34.07,5,6.81,5,6.81,5,6.81,1,1
,,,,12:00 - 12:14,Cashier,14.75,2,7.38,2,7.38,2,7.38,1,1
,,,,12:15 - 12:29,Cashier,25.84,4,6.46,4,6.46,4,6.46,1,1
,,,,12:30 - 12:44,Cashier,59.64,7,8.52,7,8.52,7,8.52,1,1
,,,,12:45 - 12:59,Cashier,40.57,7,5.8,7,5.8,7,5.8,1,1
,,,,13:00 - 13:14,Cashier,14.25,3,4.75,3,4.75,3,4.75,1,1
,,,,13:15 - 13:29,Cashier,40.07,7,5.72,7,5.72,7,5.72,1,1
,,,,13:30 - 13:44,Cashier,34.49,6,5.75,6,5.75,6,5.75,1,1
,,,,13:45 - 13:59,Cashier,13.43,3,4.48,3,4.48,3,4.48,1,1
,,,,14:00 - 14:14,Cashier,51.34,8,6.42,8,6.42,8,6.42,1,1
,,,,14:15 - 14:29,Cashier,26.06,6,4.34,6,4.34,6,4.34,1,1
,,,,14:30 - 14:44,Cashier,14.05,3,4.68,3,4.68,3,4.68,1,1
,,,,14:45 - 14:59,Cashier,21.75,6,3.63,4,5.44,6,3.63,0.67,0.67
,,,,15:00 - 15:14,Cashier,12.8,3,4.27,3,4.27,3,4.27,1,1
,,,,15:15 - 15:29,Cashier,14.65,4,3.66,4,3.66,4,3.66,1,1
,,,15,---,---,705.4,120,5.88,118,5.98,120,5.88,0.98,0.98
,,,16,08:00 - 08:14,Cashier,18.19,4,4.55,4,4.55,4,4.55,1,1
,,,,08:15 - 08:29,Cashier,5.95,2,2.98,2,2.98,2,2.98,1,1
,,,,08:30 - 08:44,Cashier,8.45,2,4.22,2,4.22,2,4.22,1,1
,,,,08:45 - 08:59,Cashier,12.05,3,4.02,3,4.02,3,4.02,1,1
,,,,09:00 - 09:14,Cashier,22.5,4,5.63,4,5.63,4,5.63,1,1
,,,,09:15 - 09:29,Cashier,37.99,7,5.43,7,5.43,7,5.43,1,1
,,,,09:30 - 09:44,Cashier,28.84,5,5.77,5,5.77,5,5.77,1,1
,,,,09:45 - 09:59,Cashier,38.28,5,7.66,5,7.66,5,7.66,1,1
,,,,10:00 - 10:14,Cashier,22.95,5,4.59,5,4.59,5,4.59,1,1
,,,,10:15 - 10:29,Cashier,18.75,3,6.25,3,6.25,3,6.25,1,1
,,,,10:30 - 10:44,Cashier,2.45,1,2.45,1,2.45,1,2.45,1,1
,,,,10:45 - 10:59,Cashier,26.29,4,6.57,4,6.57,4,6.57,1,1
,,,,11:00 - 11:14,Cashier,12,2,6,2,6,2,6,1,1
,,,,11:15 - 11:29,Cashier,11.3,3,3.77,3,3.77,3,3.77,1,1
,,,,11:30 - 11:44,Cashier,8.45,3,2.82,3,2.82,3,2.82,1,1
,,,,11:45 - 11:59,Cashier,26.95,3,8.98,3,8.98,3,8.98,1,1
,,,,12:00 - 12:14,Cashier,24.69,3,8.23,3,8.23,3,8.23,1,1
,,,,12:15 - 12:29,Cashier,27.33,4,6.83,4,6.83,4,6.83,1,1
,,,,12:30 - 12:44,Cashier,42.4,5,8.48,5,8.48,5,8.48,1,1
,,,,12:45 - 12:59,Cashier,34.59,6,5.76,6,5.76,6,5.76,1,1
,,,,13:00 - 13:14,Cashier,41.7,6,6.95,6,6.95,6,6.95,1,1
,,,,13:15 - 13:29,Cashier,6.05,2,3.02,2,3.02,2,3.02,1,1
,,,,13:30 - 13:44,Cashier,24.28,4,6.07,4,6.07,4,6.07,1,1
,,,,13:45 - 13:59,Cashier,20.94,3,6.98,3,6.98,3,6.98,1,1
,,,,14:00 - 14:14,Cashier,43.04,10,4.3,10,4.3,10,4.3,1,1
,,,,14:15 - 14:29,Cashier,11.3,1,11.3,1,11.3,1,11.3,1,1
,,,,14:30 - 14:44,Cashier,15.3,4,3.83,4,3.83,4,3.83,1,1
,,,,14:45 - 14:59,Cashier,6,1,6,1,6,1,6,1,1
,,,,15:00 - 15:14,Cashier,1.05,1,1.05,1,1.05,1,1.05,1,1
,,,,15:15 - 15:29,Cashier,4.25,1,4.25,1,4.25,1,4.25,1,1
,,,16,---,---,604.31,107,5.65,107,5.65,107,5.65,1,1
,,,28,08:00 - 08:14,Cashier,17.4,4,4.35,4,4.35,4,4.35,1,1
,,,,08:15 - 08:29,Cashier,30.35,5,6.07,5,6.07,5,6.07,1,1
,,,,08:30 - 08:44,Cashier,14.24,4,3.56,4,3.56,4,3.56,1,1
,,,,08:45 - 08:59,Cashier,45.81,5,9.16,5,9.16,5,9.16,1,1
,,,,09:00 - 09:14,Cashier,15.95,3,5.32,3,5.32,3,5.32,1,1
,,,,09:15 - 09:29,Cashier,53.62,10,5.36,10,5.36,10,5.36,1,1
,,,,09:30 - 09:44,Cashier,96.31,15,6.42,15,6.42,15,6.42,1,1
,,,,09:45 - 09:59,Cashier,66.39,12,5.53,12,5.53,12,5.53,1,1
,,,,10:00 - 10:14,Cashier,21.84,5,4.37,5,4.37,5,4.37,1,1
,,,,10:15 - 10:29,Cashier,82.56,12,6.88,12,6.88,12,6.88,1,1
,,,,10:30 - 10:44,Cashier,128.33,18,7.13,18,7.13,18,7.13,1,1
,,,,10:45 - 10:59,Cashier,58.39,10,5.84,10,5.84,10,5.84,1,1
,,,,11:00 - 11:14,Cashier,51.56,11,4.69,11,4.69,11,4.69,1,1
,,,,11:15 - 11:29,Cashier,41.47,8,5.18,8,5.18,8,5.18,1,1
,,,,11:30 - 11:44,Cashier,156.61,18,8.7,18,8.7,18,8.7,1,1
,,,,11:45 - 11:59,Cashier,57.77,9,6.42,9,6.42,9,6.42,1,1
,,,,12:00 - 12:14,Cashier,65.09,10,6.51,10,6.51,10,6.51,1,1
,,,,12:15 - 12:29,Cashier,76.07,10,7.61,10,7.61,10,7.61,1,1
,,,,12:30 - 12:44,Cashier,116.7,12,9.72,12,9.72,12,9.72,1,1
,,,,12:45 - 12:59,Cashier,31.48,5,6.3,5,6.3,5,6.3,1,1
,,,,13:00 - 13:14,Cashier,59.4,6,9.9,6,9.9,6,9.9,1,1
,,,,13:15 - 13:29,Cashier,99.38,15,6.63,15,6.63,15,6.63,1,1
,,,,13:30 - 13:44,Cashier,74.68,14,5.33,14,5.33,14,5.33,1,1
,,,,13:45 - 13:59,Cashier,22.49,5,4.5,5,4.5,5,4.5,1,1
,,,,14:00 - 14:14,Cashier,26.39,5,5.28,5,5.28,5,5.28,1,1
,,,,14:15 - 14:29,Cashier,99.5,13,7.65,13,7.65,13,7.65,1,1
,,,,14:30 - 14:44,Cashier,53.19,10,5.32,10,5.32,10,5.32,1,1
,,,,14:45 - 14:59,Cashier,32.48,6,5.41,6,5.41,6,5.41,1,1
,,,,15:00 - 15:14,Cashier,17.5,4,4.38,4,4.38,4,4.38,1,1
,,,,15:15 - 15:29,Cashier,18.99,5,3.8,5,3.8,5,3.8,1,1
,,,,15:30 - 15:44,Cashier,10.75,2,5.38,2,5.38,2,5.38,1,1
,,,,15:45 - 15:59,Cashier,10.65,2,5.33,2,5.33,2,5.33,1,1
,,,,16:00 - 16:14,Cashier,14.9,3,4.97,3,4.97,3,4.97,1,1
,,,,16:15 - 16:29,Cashier,7.69,2,3.85,2,3.85,2,3.85,1,1
,,,,16:30 - 16:44,Cashier,18.94,6,3.16,6,3.16,6,3.16,1,1
,,,,16:45 - 16:59,Cashier,6.84,1,6.84,1,6.84,1,6.84,1,1
,,,,17:00 - 17:14,Cashier,2.59,1,2.59,1,2.59,1,2.59,1,1
,,,28,---,---,1804.3,286,6.31,286,6.31,286,6.31,1,1
,,,29,07:30 - 07:44,Cashier,8.7,1,8.7,1,8.7,1,8.7,1,1
,,,,07:45 - 07:59,Cashier,7.7,1,7.7,1,7.7,1,7.7,1,1
,,,,08:00 - 08:14,Cashier,29.78,4,7.45,4,7.45,4,7.45,1,1
,,,,08:15 - 08:29,Cashier,8.2,2,4.1,2,4.1,2,4.1,1,1
,,,,08:30 - 08:44,Cashier,10.35,3,3.45,3,3.45,3,3.45,1,1
,,,,08:45 - 08:59,Cashier,7.75,2,3.88,2,3.88,2,3.88,1,1
,,,,09:00 - 09:14,Cashier,26.28,5,5.26,5,5.26,5,5.26,1,1
,,,,09:15 - 09:29,Cashier,51.6,7,7.37,7,7.37,7,7.37,1,1
,,,,09:30 - 09:44,Cashier,16.05,3,5.35,3,5.35,3,5.35,1,1
,,,,09:45 - 09:59,Cashier,53.51,10,5.35,10,5.35,10,5.35,1,1
,,,,10:00 - 10:14,Cashier,65.37,10,6.54,10,6.54,10,6.54,1,1
,,,,10:15 - 10:29,Cashier,41.43,9,4.6,9,4.6,9,4.6,1,1
,,,,10:30 - 10:44,Cashier,40.45,5,8.09,5,8.09,5,8.09,1,1
,,,,10:45 - 10:59,Cashier,63.21,7,9.03,7,9.03,7,9.03,1,1
,,,,11:00 - 11:14,Cashier,43.53,6,7.25,6,7.25,6,7.25,1,1
,,,,11:15 - 11:29,Cashier,73.32,11,6.67,11,6.67,11,6.67,1,1
,,,,11:30 - 11:44,Cashier,134.17,16,8.39,16,8.39,16,8.39,1,1
,,,,11:45 - 11:59,Cashier,142.5,19,7.5,19,7.5,19,7.5,1,1
,,,,12:00 - 12:14,Cashier,96.24,13,7.4,13,7.4,13,7.4,1,1
,,,,12:15 - 12:29,Cashier,116.34,16,7.27,16,7.27,16,7.27,1,1
,,,,12:30 - 12:44,Cashier,123.68,18,6.87,18,6.87,18,6.87,1,1
,,,,12:45 - 12:59,Cashier,41.52,8,5.19,8,5.19,8,5.19,1,1
,,,,13:00 - 13:14,Cashier,41.99,9,4.67,9,4.67,9,4.67,1,1
,,,,13:15 - 13:29,Cashier,44.9,9,4.99,9,4.99,9,4.99,1,1
,,,,13:30 - 13:44,Cashier,30.07,8,3.76,8,3.76,8,3.76,1,1
,,,,14:00 - 14:14,Cashier,26.73,8,3.34,8,3.34,8,3.34,1,1
,,,,14:15 - 14:29,Cashier,30.38,7,4.34,7,4.34,7,4.34,1,1
,,,,14:30 - 14:44,Cashier,15.1,3,5.03,3,5.03,3,5.03,1,1
,,,,14:45 - 14:59,Cashier,9.04,2,4.52,2,4.52,2,4.52,1,1
,,,,15:00 - 15:14,Cashier,37.21,9,4.13,9,4.13,9,4.13,1,1
,,,,15:15 - 15:29,Cashier,25.46,7,3.64,7,3.64,7,3.64,1,1
,,,,15:30 - 15:44,Cashier,4.25,1,4.25,1,4.25,1,4.25,1,1
,,,,15:45 - 15:59,Cashier,11.97,3,3.99,3,3.99,3,3.99,1,1
,,,,16:00 - 16:14,Cashier,3.25,1,3.25,1,3.25,1,3.25,1,1
,,,,16:15 - 16:29,Cashier,10,2,5,2,5,2,5,1,1
,,,,16:30 - 16:44,Cashier,12.1,4,3.02,4,3.02,4,3.02,1,1
,,,,16:45 - 16:59,Cashier,5.75,1,5.75,1,5.75,1,5.75,1,1
,,,,17:00 - 17:14,Cashier,2.54,1,2.54,1,2.54,1,2.54,1,1
,,,29,---,---,1512.42,251,6.03,251,6.03,251,6.03,1,1
,,,30,07:30 - 07:44,Cashier,10.75,2,5.38,2,5.38,2,5.38,1,1
,,,,07:45 - 07:59,Cashier,6.34,2,3.17,2,3.17,2,3.17,1,1
,,,,08:00 - 08:14,Cashier,6.2,2,3.1,2,3.1,2,3.1,1,1
,,,,08:15 - 08:29,Cashier,13.14,4,3.29,4,3.29,4,3.29,1,1
,,,,08:30 - 08:44,Cashier,43.92,4,10.98,4,10.98,4,10.98,1,1
,,,,08:45 - 08:59,Cashier,56.42,9,6.27,9,6.27,9,6.27,1,1
,,,,09:00 - 09:14,Cashier,43.09,5,8.62,5,8.62,5,8.62,1,1
,,,,09:15 - 09:29,Cashier,93.78,15,6.25,15,6.25,15,6.25,1,1
,,,,09:30 - 09:44,Cashier,55.79,10,5.58,10,5.58,10,5.58,1,1
,,,,09:45 - 09:59,Cashier,39.38,7,5.63,7,5.63,7,5.63,1,1
,,,,10:00 - 10:14,Cashier,46.28,7,6.61,7,6.61,7,6.61,1,1
,,,,10:15 - 10:29,Cashier,114.44,18,6.36,18,6.36,18,6.36,1,1
,,,,10:30 - 10:44,Cashier,128.13,17,7.54,17,7.54,17,7.54,1,1
,,,,10:45 - 10:59,Cashier,68.8,13,5.29,13,5.29,13,5.29,1,1
,,,,11:00 - 11:14,Cashier,74.54,10,7.45,10,7.45,10,7.45,1,1
,,,,11:15 - 11:29,Cashier,37.07,6,6.18,6,6.18,6,6.18,1,1
,,,,11:30 - 11:44,Cashier,80.87,10,8.09,10,8.09,10,8.09,1,1
,,,,11:45 - 11:59,Cashier,109.12,14,7.79,14,7.79,14,7.79,1,1
,,,,12:00 - 12:14,Cashier,91.01,13,7,13,7,13,7,1,1
,,,,12:15 - 12:29,Cashier,102.74,14,7.34,14,7.34,14,7.34,1,1
,,,,12:30 - 12:44,Cashier,71.12,9,7.9,9,7.9,9,7.9,1,1
,,,,12:45 - 12:59,Cashier,66.97,10,6.7,10,6.7,10,6.7,1,1
,,,,13:00 - 13:14,Cashier,62.95,9,6.99,9,6.99,9,6.99,1,1
,,,,13:15 - 13:29,Cashier,35.48,8,4.43,8,4.43,8,4.43,1,1
,,,,13:30 - 13:44,Cashier,87.36,14,6.24,14,6.24,14,6.24,1,1
,,,,13:45 - 13:59,Cashier,25.68,6,4.28,6,4.28,6,4.28,1,1
,,,,14:00 - 14:14,Cashier,9,2,4.5,2,4.5,2,4.5,1,1
,,,,14:15 - 14:29,Cashier,31.34,8,3.92,8,3.92,8,3.92,1,1
,,,,14:30 - 14:44,Cashier,32.23,6,5.37,6,5.37,6,5.37,1,1
,,,,14:45 - 14:59,Cashier,32.77,8,4.1,8,4.1,8,4.1,1,1
,,,,15:00 - 15:14,Cashier,16.67,3,5.56,3,5.56,3,5.56,1,1
,,,,15:15 - 15:29,Cashier,56.21,11,5.11,11,5.11,11,5.11,1,1
,,,,15:30 - 15:44,Cashier,86.48,12,7.21,12,7.21,12,7.21,1,1
,,,,15:45 - 15:59,Cashier,9.2,2,4.6,2,4.6,2,4.6,1,1
,,,,16:00 - 16:14,Cashier,11,3,3.67,3,3.67,3,3.67,1,1
,,,,16:15 - 16:29,Cashier,36.07,7,5.15,7,5.15,7,5.15,1,1
,,,,16:30 - 16:44,Cashier,23.23,4,5.81,4,5.81,4,5.81,1,1
,,,30,---,---,1915.57,304,6.3,304,6.3,304,6.3,1,1
,,,31,07:45 - 07:59,Cashier,4.25,1,4.25,1,4.25,1,4.25,1,1
,,,,08:00 - 08:14,Cashier,23.85,4,5.96,4,5.96,4,5.96,1,1
,,,,08:15 - 08:29,Cashier,21.2,4,5.3,4,5.3,4,5.3,1,1
,,,,08:30 - 08:44,Cashier,32.93,7,4.7,7,4.7,7,4.7,1,1
,,,,08:45 - 08:59,Cashier,22.4,5,4.48,5,4.48,5,4.48,1,1
,,,,09:00 - 09:14,Cashier,40.19,5,8.04,5,8.04,5,8.04,1,1
,,,,09:15 - 09:29,Cashier,28.78,7,4.11,7,4.11,7,4.11,1,1
,,,,09:30 - 09:44,Cashier,24.01,4,6,4,6,4,6,1,1
,,,,09:45 - 09:59,Cashier,16.5,3,5.5,3,5.5,3,5.5,1,1
,,,,10:00 - 10:14,Cashier,55.54,6,9.26,6,9.26,6,9.26,1,1
,,,,10:15 - 10:29,Cashier,74.18,11,6.74,11,6.74,11,6.74,1,1
,,,,10:30 - 10:44,Cashier,48.92,9,5.44,9,5.44,9,5.44,1,1
,,,,10:45 - 10:59,Cashier,52.48,10,5.25,10,5.25,10,5.25,1,1
,,,,11:00 - 11:14,Cashier,54.21,9,6.02,8,6.78,9,6.02,0.89,0.89
,,,,11:15 - 11:29,Cashier,83.49,14,5.96,14,5.96,14,5.96,1,1
,,,,11:30 - 11:44,Cashier,123.73,20,6.19,20,6.19,20,6.19,1,1
,,,,11:45 - 11:59,Cashier,152.13,17,8.95,17,8.95,17,8.95,1,1
,,,,12:00 - 12:14,Cashier,62.7,12,5.22,12,5.22,12,5.22,1,1
,,,,12:15 - 12:29,Cashier,118.48,15,7.9,15,7.9,15,7.9,1,1
,,,,12:30 - 12:44,Cashier,134.53,18,7.47,18,7.47,18,7.47,1,1
,,,,12:45 - 12:59,Cashier,119.76,18,6.65,18,6.65,18,6.65,1,1
,,,,13:00 - 13:14,Cashier,46.53,6,7.75,6,7.75,6,7.75,1,1
,,,,13:15 - 13:29,Cashier,51.07,10,5.11,10,5.11,10,5.11,1,1
,,,,13:30 - 13:44,Cashier,36.59,9,4.07,9,4.07,9,4.07,1,1
,,,,13:45 - 13:59,Cashier,36.69,8,4.59,8,4.59,8,4.59,1,1
,,,,14:00 - 14:14,Cashier,4.25,1,4.25,1,4.25,1,4.25,1,1
,,,,14:15 - 14:29,Cashier,45.09,10,4.51,10,4.51,10,4.51,1,1
,,,,14:30 - 14:44,Cashier,40.22,7,5.75,7,5.75,7,5.75,1,1
,,,,14:45 - 14:59,Cashier,11.35,3,3.78,3,3.78,3,3.78,1,1
,,,,15:00 - 15:14,Cashier,21.6,4,5.4,4,5.4,4,5.4,1,1
,,,,15:15 - 15:29,Cashier,48.74,9,5.42,9,5.42,9,5.42,1,1
,,,,15:30 - 15:44,Cashier,21.43,5,4.29,5,4.29,5,4.29,1,1
,,,,15:45 - 15:59,Cashier,17.34,4,4.33,4,4.33,4,4.33,1,1
,,,,16:00 - 16:14,Cashier,19.64,3,6.55,3,6.55,3,6.55,1,1
,,,,16:15 - 16:29,Cashier,15.73,3,5.24,3,5.24,3,5.24,1,1
,,,,16:30 - 16:44,Cashier,6.25,1,6.25,1,6.25,1,6.25,1,1
,,,,16:45 - 16:59,Cashier,10.7,2,5.35,2,5.35,2,5.35,1,1
,,,31,---,---,1727.48,284,6.08,283,6.1,284,6.08,1,1
,,3,---,---,---,20788.3,3340,6.22,3336,6.23,3340,6.22,1,1
,2022,---,---,---,---,44671.48,7075,6.31,7064,6.32,7075,6.31,1,1
UW Dining,---,---,---,---,---,44671.48,7075,6.31,7064,6.32,7075,6.31,1,1
Grand Total,---,---,---,---,---,44671.48,7075,6.31,7064,6.32,7075,6.31,1,1
